blink_count_mean,blink_count_std,blink_count_max,blink_count_min,blink_count_median,blink_count_skew,blink_count_kurtosis,blink_count_q95,ear_mean,ear_std,ear_max,ear_min,ear_median,ear_skew,ear_kurtosis,ear_q95,head_yaw_mean,head_yaw_std,head_yaw_max,head_yaw_min,head_yaw_median,head_yaw_skew,head_yaw_kurtosis,head_yaw_q95,head_pitch_mean,head_pitch_std,head_pitch_max,head_pitch_min,head_pitch_median,head_pitch_skew,head_pitch_kurtosis,head_pitch_q95,head_roll_mean,head_roll_std,head_roll_max,head_roll_min,head_roll_median,head_roll_skew,head_roll_kurtosis,head_roll_q95,looking_at_camera_mean,looking_at_camera_std,looking_at_camera_max,looking_at_camera_min,looking_at_camera_median,looking_at_camera_skew,looking_at_camera_kurtosis,looking_at_camera_q95,gaze_away_time_mean,gaze_away_time_std,gaze_away_time_max,gaze_away_time_min,gaze_away_time_median,gaze_away_time_skew,gaze_away_time_kurtosis,gaze_away_time_q95,head_down_mean,head_down_std,head_down_max,head_down_min,head_down_median,head_down_skew,head_down_kurtosis,head_down_q95,head_down_duration_mean,head_down_duration_std,head_down_duration_max,head_down_duration_min,head_down_duration_median,head_down_duration_skew,head_down_duration_kurtosis,head_down_duration_q95,head_stability_mean,head_stability_std,head_stability_max,head_stability_min,head_stability_median,head_stability_skew,head_stability_kurtosis,head_stability_q95,touching_face_mean,touching_face_std,touching_face_max,touching_face_min,touching_face_median,touching_face_skew,touching_face_kurtosis,touching_face_q95,face_touch_count_mean,face_touch_count_std,face_touch_count_max,face_touch_count_min,face_touch_count_median,face_touch_count_skew,face_touch_count_kurtosis,face_touch_count_q95,emotion_duration_mean,emotion_duration_std,emotion_duration_max,emotion_duration_min,emotion_duration_median,emotion_duration_skew,emotion_duration_kurtosis,emotion_duration_q95,emotion_neutral_ratio,emotion_happy_ratio,emotion_sad_ratio,emotion_angry_ratio,gaze_left_ratio,gaze_center_ratio,gaze_right_ratio,gaze_down_ratio,gaze_up_ratio,duration_sec,frame_count,session_id
4.745222929936306,2.8372060774815813,9,0,5.0,-0.043906502603495226,-1.2652012608577603,9.0,0.2981885305382882,0.0548532352737688,0.399189112014769,0.2021134905408079,0.2957284643094576,0.09294143784303079,-1.0286907631675097,0.39074008628833334,-0.11959179791474026,9.910445965555125,26.469845751141232,-21.91542736844974,-0.7631479681112374,0.1417950800957828,-0.3049628421620256,15.470819749149564,1.0548163706228062,10.02820739076151,29.5121200636132,-24.98783731820532,1.276072088757213,0.13178173542753904,-0.15190752125632523,18.18115722480191,-0.08858082946440918,5.088528954016199,11.905592698764082,-15.751694707677704,-0.0478963523971048,-0.089968078867393,0.23087264676163644,8.52028970147246,0.5031847133757962,0.4999898574978437,1,0,1.0,-0.012739111916124937,-1.9998377150275883,1.0,0.8978871548292291,0.9002614612965482,4.182439610890935,0.0005834600233248,0.6110181432416608,1.5317290877372522,1.983660874836258,2.6708707040548108,0.10828025477707007,0.31073403611848327,1,0,0.0,2.5212541896991727,4.356722689075631,1.0,0.5388794203307463,0.5418709906349699,2.770542708581297,0.0046772462001952,0.3765358925271336,1.7565595551116253,3.240300020880637,1.7349110894334985,0.5219509789862566,0.29059883764345895,0.999506650481906,0.0107698328332365,0.5118369538476554,-0.03685430739908228,-1.2162633259389088,0.9589323011746745,0.050955414012738856,0.21990670702716014,1,0,0.0,4.083955346862619,14.678691275167782,0.19999999999998863,2.2929936305732483,1.428825835249123,4,0,3.0,-0.3137360220038119,-1.2392837059111588,4.0,1.928334809621239,1.9022785646077511,15.432520570168212,0.031853809203961,1.3962179196934168,2.9539803572673353,15.443521449391362,4.585008494636313,0.3503184713375796,0.22929936305732485,0.21656050955414013,0.20382165605095542,0.24203821656050956,0.2229299363057325,0.19745222929936307,0.17197452229299362,0.16560509554140126,5.233333333333333,157,1_046_2025.04.07
4.509090909090909,2.9674503384582627,9,0,4.0,0.004911801316207873,-1.2683549237091953,9.0,0.29628811400970767,0.058009716747303035,0.3977725865632472,0.200871733024674,0.2943564284761736,0.10246078224897591,-1.2490910278512626,0.38865017120552386,-0.6921421699325254,10.076152135824492,27.425464948917465,-30.10340879853331,-0.7824361174837492,-0.05984022162221689,-0.15728064664116603,15.267190991111878,0.5646459389765216,10.14495672430888,31.26234762353419,-28.03734710253564,0.2755126808359292,0.047775004201729004,0.030437485278605347,16.945800795881635,-0.3952338277425324,5.115456413934842,15.860889106672555,-12.762239780769049,-0.657089705786076,0.1687665300693626,-0.17814384221387147,8.104111309152852,0.4961038961038961,0.49998482014400275,1,0,0.0,0.015584888737148892,-1.9997571112430506,1.0,1.0285972884115062,1.0068760281891387,6.207233221276597,0.0016346678024131,0.6927141204854531,1.5974026404728383,3.271063802544318,2.9556529321337464,0.08831168831168831,0.28374765905506166,1,0,0.0,2.901791775546757,6.420395508630806,1.0,0.5433274698443994,0.5134631490788778,2.559719379384044,0.0069338255841868,0.379541083899123,1.457953236612959,1.9736167077056246,1.7425993153480592,0.49986814099521687,0.2842628711229217,0.9997730072477414,0.0014986121445411,0.4975685343371031,0.023035409152195447,-1.1839314476837168,0.9411350589684523,0.05454545454545454,0.22709083630539628,1,0,0.0,3.9231397682246363,13.391025641025639,1.0,2.020779220779221,1.3482396085880384,4,0,2.0,-0.06955635649163898,-1.1922800924751153,4.0,2.0127863919072664,1.8981665329744355,12.245625830515683,0.007093076102977,1.4303560601170895,1.6270182786899021,3.2436080398481337,5.830709643652446,0.24935064935064935,0.2623376623376623,0.22857142857142856,0.2597402597402597,0.21038961038961038,0.2025974025974026,0.21298701298701297,0.19480519480519481,0.17922077922077922,12.833333333333334,385,0_037_2025.03.28
4.405919661733615,2.9153176513623547,9,0,4.0,0.052637217569519903,-1.225027409740912,9.0,0.29733370763908096,0.058468516379653855,0.399657512357548,0.2000074491711913,0.2946059454968721,0.04572264737783235,-1.2542414909290447,0.3878086972096135,-0.11998228259872284,10.52230865002432,27.915652797086643,-27.904222864066696,-0.1267751762310585,0.09497925665750621,-0.29719930878464584,17.593150106613734,-0.31488991385509985,10.164878197203977,31.7904832711907,-31.471090616007537,-0.4917248598607704,-0.05913938771655852,-0.03893749309408401,15.827378264727733,-0.4010406041210675,4.933246842669148,14.58767076001453,-16.60582211074725,-0.3592734527027138,0.08811802857755446,0.15251134627349705,7.724240991015516,0.4799154334038055,0.4995964473298855,1,0,0.0,0.08040316020475055,-1.9935353318290894,1.0,1.0355592039411163,1.0030152922194275,8.288085060309122,0.0010084016896174,0.7509060683566893,2.01725365880092,6.828647419426412,3.0501254226455137,0.09090909090909091,0.28747978728803447,1,0,0.0,2.8460498941515415,6.1,1.0,0.49585380316117145,0.5161397112272289,4.09545436845935,5.6930980934799445e-05,0.3211975797393127,2.209823534419939,7.2749053421191885,1.585236441083954,0.47765593992301325,0.29024799358856,0.9983811414884012,0.0005176651481666,0.4649986032844552,0.10787362215521555,-1.1733323086464227,0.9458010255365455,0.06765327695560254,0.2511499772501902,1,0,0.0,3.4429365893487867,9.853812358276645,1.0,2.044397463002114,1.4202310901479163,4,0,2.0,-0.01632177141138751,-1.3103158030424649,4.0,2.051257772797463,2.142468986876591,12.37924949259418,0.0011082372712005,1.353253009640195,1.8330266556338,4.07408355032838,6.207875556521306,0.22410147991543342,0.2558139534883721,0.24312896405919662,0.2769556025369979,0.21775898520084566,0.1839323467230444,0.20930232558139536,0.17124735729386892,0.21775898520084566,15.766666666666667,473,1_049_2025.04.10
4.1828254847645425,2.930370873640239,9,0,4.0,0.1507662038675718,-1.2333027308960673,9.0,0.2949177759841669,0.056568976970802945,0.3997392026398922,0.2001123425053996,0.2947359427292511,0.16485149426545537,-1.0554218410540845,0.3905671282591206,-0.6390108391734381,10.15843173173528,34.13781827528475,-29.10990408300117,-0.3458753758404976,-0.1083932030776272,0.06640425556524443,15.063437741506888,0.21681095630663794,10.61246973872638,28.049775215571525,-28.37932714392562,-0.2068502378181486,0.14134480182257922,-0.1169560270405352,19.43232988143161,-0.1487881805195865,5.178706800616473,12.298824500070529,-15.74589660138524,0.2055956637871217,-0.27447092708357246,-0.3678985216982831,7.560551434211411,0.481994459833795,0.499675695349817,1,0,0.0,0.0720689052270172,-1.9948060728993788,1.0,0.9428904961385968,0.9582742054872013,5.649934376586975,0.0107531028424205,0.6551080301099705,1.8394215161381657,3.8602914974737104,3.2207926094495747,0.08310249307479224,0.27603707852306064,1,0,0.0,3.02059063337304,7.123967774420947,1.0,0.5237207040318157,0.48232124727859116,3.020969504143671,9.727951913970077e-05,0.3790763464401973,1.6328154339073562,3.5056426735951467,1.4067334813650785,0.5003224715277588,0.29168864442923564,0.9972164806477024,0.0026915558733494,0.5094773788817446,-0.010285371108501222,-1.2207099575782694,0.952574801305082,0.04155124653739612,0.19956137013105676,1,0,0.0,4.594564099870928,19.110019267822736,0.0,1.9806094182825484,1.438358815769899,4,0,2.0,0.056270453304872764,-1.349693401594252,4.0,1.9842911563717065,1.864387034589094,9.93435485519312,0.004011329807421,1.4526584971007976,1.590596387309327,2.3851390407364654,6.158190061484543,0.27146814404432135,0.2770083102493075,0.20498614958448755,0.24653739612188366,0.2188365650969529,0.2188365650969529,0.19390581717451524,0.19667590027700832,0.17174515235457063,12.033333333333331,361,1_002_2025-01-27
4.619718309859155,2.8950315080129534,9,0,5.0,-0.09416289028411158,-1.193683924585971,9.0,0.29913955732292363,0.05758067846869311,0.3992185354983117,0.2001582746446631,0.2982703430442764,-0.022596268032842506,-1.1673277880953703,0.3904493803931203,1.0462553608836431,9.829687065669392,33.49386205015462,-23.98014284695754,1.0658329568488014,0.18947138147403664,-0.020059263398438887,17.772136088247535,-0.28492127398112077,10.477370040617584,30.609138052726287,-27.79804563160813,-0.22517269602100476,0.09465200699615953,-0.23818772871240546,17.092421237861227,-0.5095179264334309,5.013961398098854,14.904657141636871,-17.921103440794823,-0.0354349701762944,-0.07595204376301444,-0.05449098954468212,6.7220829191072875,0.48826291079812206,0.49986222175422224,1,0,0.0,0.046961297297834236,-1.997794636556105,1.0,0.9639081321704399,0.9878306416508884,7.177625257926873,0.0045005464037237,0.6947762891411066,2.113904457124603,6.521963534865561,3.0033377338090386,0.11267605633802817,0.31619639888230494,1,0,0.0,2.4498947175305563,4.001984126984126,1.0,0.5377944891663401,0.561063986851154,5.383145691811839,0.0008879242127995,0.3563605260577141,2.6456373850414816,13.90537059561641,1.5810310874266287,0.5127001753439034,0.2872477558572457,0.9992809156640216,0.0071867091575443,0.5257855504854039,-0.038318124261221755,-1.177019998316649,0.9565298179355411,0.046948356807511735,0.211528269034156,1,0,0.0,4.283603749618289,16.34926108374385,0.0,1.9765258215962442,1.4239445133265467,4,0,2.0,0.06572120811839627,-1.2912195362669283,4.0,1.9669651039540854,2.0326416931505635,11.932795493274549,0.0025906305076775,1.277908196069871,1.8125336101382408,3.9487838804888478,6.407554275209166,0.24178403755868544,0.2511737089201878,0.24413145539906103,0.26291079812206575,0.19248826291079812,0.22065727699530516,0.19248826291079812,0.21830985915492956,0.176056338028169,14.2,426,1_038_2025.03.31
4.65934065934066,2.9824386371911418,9,0,5.0,-0.05516458971496812,-1.3747448982493302,9.0,0.2961389379948515,0.058866869315684245,0.3999510747697277,0.2012032527767276,0.2953415251224799,0.08781550947187382,-1.296748305895313,0.38760166633365556,0.07933931722222137,10.30731480784774,29.12299136674272,-28.308083705899424,-0.5330223582710801,0.1060693814499798,-0.00903698976805245,18.24868421198335,-0.03697856718839294,10.594717379066514,28.31138808206092,-34.20103669031182,0.07936021316926625,0.08097403782174985,-0.06614386032146413,19.05717556158955,-0.4842291502707669,5.093705918893252,16.968310688124454,-12.844139689417098,-0.5991945751525127,0.14940098112380631,-0.022199683248015578,7.943521244009677,0.5164835164835165,0.49972821981987137,1,0,1.0,-0.06596992457003156,-1.9956479690522249,1.0,0.9427665899477626,0.9667080092411254,7.953020004011754,0.0046079866808354,0.6581043935566395,2.414042183023896,9.995702339472517,2.84986909453182,0.08241758241758242,0.2749998627745538,1,0,0.0,3.0369645524132767,7.223153692614771,1.0,0.5193174730396484,0.5440538687229289,3.6279370022164192,0.0023976609349676,0.34191432392400245,2.2392599027850917,6.903460887717957,1.5661430978397062,0.506913574534392,0.3006806373485202,0.9964297524932244,0.0015467173661355,0.5159824359998204,0.01463696266613874,-1.3185574691281086,0.9637532987785191,0.038461538461538464,0.1923076923076923,1,0,0.0,4.8000000000000025,21.040000000000006,0.0,2.0027472527472527,1.4325467722905751,4,0,2.0,-0.0048187434225008385,-1.3072042546718585,4.0,2.145781491690353,1.9245830219089892,9.937012654759512,0.0060684557966653,1.4683096290195914,1.400894121181294,2.0248954702764435,5.99769366345384,0.24175824175824176,0.24175824175824176,0.26373626373626374,0.25274725274725274,0.18681318681318682,0.23076923076923078,0.23076923076923078,0.1813186813186813,0.17032967032967034,12.133333333333333,364,1_055_2025.04.15
4.775510204081633,2.798920876521008,9,0,5.0,0.06708362436911733,-1.3031049443279892,9.0,0.2941565451535641,0.05716926920419149,0.3993873945207561,0.2000680839568332,0.2922345075010071,0.09529714017939149,-1.192263094201182,0.3829330269162981,-1.1201011350984384,10.724341389076644,32.75345604367703,-25.53218308939688,-2.086369930450201,0.17851909101743943,-0.05497679337594352,17.919472003169545,1.7081177422209566,9.801388914699112,30.32330156666543,-20.884388633127703,1.3507346781724836,0.23027216269731443,-0.020363866659075747,17.311297720468072,-0.5315340636959864,4.315661292261173,9.639842558835284,-10.315064226592652,-0.4998065488317182,0.20182210831986372,-0.45480482583127824,7.117874015466209,0.5238095238095238,0.49943278484292936,1,0,1.0,-0.09534625892455932,-1.990909090909091,1.0,1.0651368992027632,1.0702012614415861,5.643560727098804,0.0010619650530652,0.7446628771672105,1.6614250526442722,2.952065409012306,3.2640396546693653,0.10204081632653061,0.3027019790651291,1,0,0.0,2.6293794636066443,4.913636363636362,1.0,0.48790843307130916,0.4534741814354408,1.957746134450121,0.0011676367949173,0.3144199752290176,1.2092810830746175,0.7521249264538192,1.4176423653111696,0.5251541597583347,0.2772285343443472,0.985762019741974,0.0128312969814896,0.5445717663011483,-0.08780348944847766,-1.0378049960446245,0.9634519077108914,0.07482993197278912,0.2631167293307989,1,0,0.0,3.231798062468869,8.444518716577548,1.0,2.292517006802721,1.5439629386203602,4,0,3.0,-0.32935256594134155,-1.3976457877445019,4.0,1.9440332982448734,1.7822848257236228,10.03583971054661,0.0012864730993961,1.5029840472143967,1.764611632200839,3.741363635268817,5.44122089775736,0.23809523809523808,0.3129251700680272,0.2925170068027211,0.1564625850340136,0.21768707482993196,0.1836734693877551,0.22448979591836735,0.22448979591836735,0.14965986394557823,4.9,147,1_005_2025.01.17
4.650602409638554,2.7816108776846615,9,0,5.0,-0.01920644121036239,-1.1918165928499167,9.0,0.29781097173504284,0.05790406194921171,0.3999312896113627,0.2002799261522638,0.2948809909518303,0.11362555868491755,-1.20039267307073,0.39262824308080074,0.19660607693041393,9.581369828631372,26.271623877233093,-24.30224926216605,0.1726799410396601,0.01369585078029736,-0.4112537399912135,15.6866337246427,-1.2827379341586345,8.702969880820628,24.08039165752497,-20.07382203523846,-1.5002536189031137,0.23012509427579284,-0.2736337652188152,13.491268978852013,0.28459692136403775,4.971669640883737,14.497116632298717,-15.405622033208672,0.4629473675046968,-0.21248613976477781,0.1718528347349655,7.543707999832076,0.4779116465863454,0.4995118663690319,1,0,0.0,0.08843975449158244,-1.9921784098254691,1.0,0.9354521922223964,0.9379262738354188,4.289264656734042,0.0010441145770587,0.5855063503029934,1.5500873924976295,2.227088538548636,3.0596426761390365,0.08835341365461848,0.28380818865951407,1,0,0.0,2.9008788526481575,6.415098117741291,1.0,0.4973395509517686,0.5357502879031701,3.905018245429533,0.000700203571377,0.3658484332719916,2.6246322361338614,9.764660038079487,1.4823730319481712,0.4981359831562283,0.2898086074725545,0.99651205481774,0.0125992685489685,0.5075021072500313,0.02322777890408709,-1.2407596849901417,0.9445390739769866,0.0321285140562249,0.17634135261124617,1,0,0.0,5.306429592555328,26.158195020746906,0.0,1.9919678714859437,1.405645438711116,4,0,2.0,0.06630732952702771,-1.2827741215051427,4.0,1.8263991432252156,1.714496082117293,10.60995439024919,0.006350940480569,1.2958903672278532,1.60078418688962,3.189550541527856,5.661675650647244,0.23293172690763053,0.24096385542168675,0.23694779116465864,0.2891566265060241,0.25301204819277107,0.24497991967871485,0.19678714859437751,0.1566265060240964,0.14859437751004015,8.3,249,1_018_2025.03.07
4.39622641509434,2.9354027889953813,9,0,4.0,0.05405141962197418,-1.3153631948631639,9.0,0.299553002270335,0.05714431704626074,0.3990844323339454,0.2002598134324092,0.300853454815748,-0.02784205414441142,-1.1604526985368038,0.3885814514444797,-0.3976318232506392,9.41134381591738,29.084335613646747,-26.18898590257649,-0.6500997386718782,0.26129398325838676,-0.02044505281754727,15.726065514583542,-0.10349886793506176,10.608916458763499,25.44850441268164,-31.58034275524048,-0.0001512218270028,-0.10795447514360809,-0.050011604745317406,17.45806536937181,0.26718489134772994,5.78744869958551,14.579567614429864,-16.539205033435614,0.3087016410079266,-0.08567972207970284,-0.007816320645179786,9.5399715028571,0.5132075471698113,0.49982553025806636,1,0,1.0,-0.052848629652799455,-1.9972070223438212,1.0,1.0514153433561813,0.9870999678466953,5.324071085090572,0.0056176423920665,0.7275506922934201,1.5307071360025835,2.583901731382139,2.9457886166911735,0.12075471698113208,0.3258420097346853,1,0,0.0,2.327786299425699,3.4185890557939924,1.0,0.5186178750256734,0.503777877338499,2.939615874554609,0.0009316423701167,0.3333045623997342,1.5917996202809106,3.252687422980639,1.459551595250443,0.47880690451095426,0.29367769649744735,0.9999907967655388,0.0023276032121998,0.4416092769373883,0.13491289974912246,-1.2370962369443563,0.9491105786178828,0.06415094339622641,0.2450216314075159,1,0,0.0,3.5576373734846016,10.656783681214419,1.0,1.9811320754716981,1.407400467846907,4,0,2.0,0.025331111374682587,-1.3059957175660932,4.0,1.9553434339158222,1.9568955045375604,13.363403005020528,0.0041815250379354,1.3714873592771122,2.1817325554818026,6.739964866622669,5.815828422236417,0.21132075471698114,0.2943396226415094,0.24150943396226415,0.2528301886792453,0.17735849056603772,0.2037735849056604,0.16981132075471697,0.19622641509433963,0.2528301886792453,8.833333333333334,265,1_012_2025.02.20
4.396694214876033,2.8905069441360567,9,0,5.0,0.014825231577408155,-1.2506887007387848,9.0,0.29462513390970335,0.05431512258563094,0.3993112739727489,0.2018194826427143,0.3035176198826614,-0.07780173914902595,-1.1790800448730316,0.3768153388765354,-0.26250364016715305,9.759204526931873,24.73167392445809,-30.96960540897093,-0.3444203383708777,-0.10052109865136712,0.028930028277713404,14.109264132039424,0.4723829695820928,10.148629401140917,24.00534880539027,-26.440536935306447,1.0471374994764195,-0.2299088616823449,-0.13966660013269738,15.756178285986657,-0.826000547793266,4.874315753943942,12.063235534087784,-12.625955017827206,-1.5916793200213857,0.2181368457654497,0.018095906866560263,7.152364408990043,0.5206611570247934,0.49957293420520366,1,0,1.0,-0.0827152778309112,-1.993158182813354,1.0,1.0873924952081901,1.0168682215365368,4.3746137593470085,0.010413896398685,0.7609734548100067,1.3031816830808114,1.270688013518729,3.3600547962628893,0.09917355371900827,0.29889489785165496,1,0,0.0,2.6820561285052555,5.193425076452598,1.0,0.5527960665853393,0.5202649230085196,2.276359932178661,0.0021321350663436,0.3691992913775769,1.2599223270366917,0.8685463320837887,1.6127395627196004,0.4721546206304205,0.2952922250574163,0.9971789941670356,0.0030911509223857,0.4963665988350451,0.044567874423239395,-1.1792787984008464,0.9394308413578428,0.04132231404958678,0.19903462113706272,1,0,0.0,4.609024131882568,19.24310344827587,0.0,2.0578512396694215,1.3624086634707357,4,0,2.0,-0.1241959001276504,-1.2122529833983116,4.0,2.289429409961894,2.3890786776691644,16.920225489027157,0.0305778080668501,1.6209853512054186,2.5267073159147357,10.421585667276519,6.691738816371516,0.19008264462809918,0.3140495867768595,0.2644628099173554,0.23140495867768596,0.1652892561983471,0.24793388429752067,0.23140495867768596,0.1652892561983471,0.19008264462809918,4.033333333333333,121,1_052_2025.04.11
4.490384615384615,2.875610946148569,9,0,4.0,0.01761324172543978,-1.2860289867597854,9.0,0.2932788346737726,0.05648442130582249,0.3988672639772247,0.2010365116185909,0.2898177553268826,0.17751813473346073,-1.1271635865380378,0.38678847592141147,0.21342731960628955,10.328731470040873,36.291192028693935,-32.27617264945613,0.3817579105605412,0.11096582854042025,0.044032493328263644,16.622555159765124,-0.5844767794921477,10.447512408437664,25.55989130143199,-31.747564025128604,-0.7749840296660254,0.07802218056240702,0.07030586372927194,18.689855936858354,0.2544290834829053,4.451843802692029,13.595342475056604,-13.721385342583687,0.5579191868280461,-0.2454633558191909,0.30395138513046804,7.2324780102538355,0.4967948717948718,0.49998972704765526,1,0,0.0,0.012820776234959303,-1.999835627696734,1.0,0.9656810055704141,0.9869975038618368,7.61783737381318,0.001420510631372,0.7166342663984697,2.323521362391553,9.000359258621673,2.73189740529356,0.13141025641025642,0.33784848811330664,1,0,0.0,2.181982495455934,2.761047610476104,1.0,0.48228081934016587,0.5370444889872037,3.680037806975226,0.001418706129856,0.31492819044184506,2.4740357750449413,8.097024289810909,1.5421879231541233,0.5058602482320039,0.28571791299043897,0.9986403002968316,0.0029820012718064,0.5016422009275359,-0.020852344265670508,-1.1855769418282205,0.9465212178423953,0.03205128205128205,0.17613630338505237,1,0,0.0,5.313484034301927,26.23311258278147,0.0,2.0416666666666665,1.3918931183792285,4,0,2.0,-0.03159224220326854,-1.2758037542140812,4.0,1.8981002017125617,2.058148077138261,17.047990018584546,0.0159817165088846,1.3068722273558562,2.702066855146612,11.987015577989308,5.5161016565350804,0.2564102564102564,0.22435897435897437,0.28525641025641024,0.23397435897435898,0.1891025641025641,0.16987179487179488,0.2467948717948718,0.1891025641025641,0.20512820512820512,10.4,312,0_036(2)_2025.03.28
4.32051282051282,2.87113660037985,9,0,4.0,0.10756429881413217,-1.2650279343859914,9.0,0.3032521883862713,0.05859221636986902,0.3998284502935559,0.2003228333201477,0.30306774052970176,-0.07312593976579157,-1.1728220760847823,0.3917813656325659,-0.9247275882969193,9.904872083347946,26.49672538894676,-26.46860785861036,-1.0877206182436026,0.1396402949081379,-0.15711847349682895,16.752095556378666,-0.05952146765868249,10.346684060891496,33.79372568387296,-33.019475455509095,-0.27276604905956947,-0.04296122309389949,-0.16727448244379017,16.274462954150156,0.19782213811324098,4.7924685464853924,16.74857361204527,-15.97176014993648,-0.06030668725675485,0.10032962053758317,0.49462778376102445,7.719531915955415,0.4666666666666667,0.49888765156985887,1,0,0.0,0.13363062095621214,-1.982142857142857,1.0,0.9680802524560645,1.0107983596096035,6.051482242016948,0.0002341013633346,0.6076299648437249,1.9460599676149808,4.71391531116987,2.954641870100974,0.08461538461538462,0.27830850023270065,1,0,0.0,2.985065961243024,6.9106187929717375,1.0,0.5096295826831655,0.47892830839101874,2.6936399498539894,0.0006195446571258,0.35883249178984844,1.5017635506570788,2.390722786067843,1.530738518016949,0.47026781363635406,0.2921262062940343,0.9959934630014388,0.001956864330603,0.42550511889047754,0.19607274119784365,-1.1781752970693375,0.9591160616456683,0.07179487179487179,0.2581479579210917,1,0,0.0,3.3175170677586237,9.005919494869774,1.0,1.8948717948717948,1.432847034609447,4,0,2.0,0.137699859236782,-1.3123288998269964,4.0,1.9984051171897317,1.9845100162267568,15.93780760676257,0.0140768146100297,1.4492892483719735,2.3173684313109693,8.328953869157203,5.980039860717773,0.24358974358974358,0.258974358974359,0.23076923076923078,0.26666666666666666,0.16153846153846155,0.21025641025641026,0.19743589743589743,0.2205128205128205,0.21025641025641026,13.0,390,1_025(2)_2025.03.17
4.591324200913242,2.8779777241560636,9,0,5.0,0.0071580004757053825,-1.1802960276403507,9.0,0.30454057949359914,0.058310432134643764,0.3998681023209243,0.2003878523010485,0.30518102303075834,-0.04207701355770353,-1.1803451592016942,0.39249639057935615,-0.1979650356562609,10.214255863201233,31.82366044493665,-26.993476744138583,-0.6438025167296301,0.11739926742576726,-0.09527377069650766,16.424744377791857,0.2612477398164012,9.862830648702161,32.68408172610228,-28.02974400899853,0.21056363038095965,-0.0427646141814391,-0.13870935160727837,15.955846854485062,0.16129283413727055,5.243603115539984,15.928231984151838,-14.521107322308971,-0.1115473293210032,0.18186398000352458,0.16366202781867667,9.228265997258426,0.502283105022831,0.4999947874042836,1,0,1.0,-0.009132515299544343,-1.9999165971643036,1.0,1.0446747756157857,1.0093034019583438,5.967192860009456,0.0012935533170985,0.7621433081313617,1.7399797693282564,3.629159393768602,3.006734411448559,0.11643835616438356,0.3207498486018656,1,0,0.0,2.3916559618503,3.720018239854081,1.0,0.5232483217097438,0.5240971653472908,3.598697997919072,0.0009228081721704,0.3713808940644745,1.9992450339227068,5.355851978600047,1.6009550261905092,0.49041376847281754,0.29134249687620095,0.9983247825807712,0.0010195546180534,0.48153042286265413,0.06299477823901826,-1.224489315535729,0.9565144052412037,0.0365296803652968,0.18760400533492363,1,0,0.0,4.940942692639041,22.412914691943115,0.0,1.9589041095890412,1.4360494658717713,4,0,2.0,0.03961931084640841,-1.3232778059881363,4.0,1.9105459020089437,1.8756075262157228,11.326827917326804,0.0017220833526729,1.2958038706134887,1.740680235440395,3.928547625982974,5.882262346925861,0.2009132420091324,0.228310502283105,0.2808219178082192,0.2899543378995434,0.1963470319634703,0.1917808219178082,0.2100456621004566,0.20319634703196346,0.19863013698630136,14.6,438,0_048_2025.04.08
4.537190082644628,2.853757821217596,9,0,5.0,0.01570892408334477,-1.215968010866925,9.0,0.2996532560473547,0.05819032453792769,0.399988096156782,0.2006203664173174,0.2977444908337978,0.05133024431607197,-1.2210885816869144,0.3911252748778314,-0.04025161700867974,10.053976838762903,34.629551120457684,-26.513561192921514,-0.4133330511233954,-0.0035369291786230416,0.038331734963663155,16.885558094641553,-0.09719698694042206,9.884741312585707,27.415245051580843,-31.89370172431032,0.0530381743030483,0.07422169300580733,-0.24863735894528105,15.544007555868959,0.08771901827795316,4.730779032926734,14.511038968835008,-14.717533759814463,0.2958822261814103,0.04344078906086085,0.2179323327271474,8.018126786463775,0.5041322314049587,0.4999829243720388,1,0,1.0,-0.01652949012268207,-1.999726775956284,1.0,0.9757073775388991,0.9833656211857793,5.665672774902812,0.0015718680017,0.7327514780334776,1.714411631519019,3.302719042637664,2.9840341169198723,0.0881542699724518,0.28351912573594723,1,0,0.0,2.9052412528325644,6.440426737160124,1.0,0.4793100951588193,0.5073623867913315,3.638378208017651,0.0010636715292129,0.3309121952938613,2.345037307175987,7.667322708256599,1.4691344978645224,0.5093635325855249,0.2861032684014144,0.99775844795974,0.0014007694398817,0.51911144083705,-0.016929665092756903,-1.1510993423841493,0.9641371600707033,0.07162534435261708,0.25786654377601237,1,0,0.0,3.322452376912276,9.038689796850033,1.0,2.0275482093663912,1.364368003629794,4,0,2.0,-0.017194875615155286,-1.2329769517455955,4.0,2.0086535362230435,2.1154303370882466,14.304192043714204,0.0011527614456463,1.3700990047437134,2.3163319710723003,7.27873980725961,5.615432183009159,0.21212121212121213,0.2837465564738292,0.24517906336088155,0.25895316804407714,0.1790633608815427,0.17079889807162535,0.2396694214876033,0.19008264462809918,0.22038567493112948,12.1,363,1_053_2025.04.14
4.530259365994237,2.812299189965751,9,0,5.0,-0.02844185964552689,-1.1941139621755095,9.0,0.3048742622421481,0.05709915792605108,0.3994836499093855,0.2001925903224982,0.3087783189897799,-0.1390934585725749,-1.1770656355848268,0.39081730846054247,1.140826652223598,10.03245406153217,30.73732830146316,-32.151659580587044,1.283151111911868,-0.11968259361506121,0.45917258067747735,17.859672818964984,0.46359879964674017,9.689906819579422,26.9701024202712,-27.34346521506774,0.2100619541575503,-0.015300493652194559,-0.215092751591071,16.727287781771643,-0.17664937743582293,4.999631868345492,13.27201531934378,-14.415239227407424,0.0586172553910883,-0.06194859951415866,-0.08000959489960735,7.849888437194329,0.5302593659942363,0.4990835308539312,1,0,1.0,-0.12125972557123872,-1.985296078954388,1.0,0.9904515842713904,1.0183570725245898,5.754874325483307,2.1271864943986453e-05,0.6631684431968824,1.8519711626610433,3.9785306676370658,3.0550037785922077,0.11815561959654179,0.32279230033304557,1,0,0.0,2.36588282935798,3.5974015622509183,1.0,0.4754737372538546,0.5542231976522435,3.7538451076947137,0.0010008381998336,0.2997674629791917,2.6607297784201527,9.295459528194007,1.4418022928387368,0.5559349955442422,0.28491983675051785,0.9910888801993272,0.0053265833575194,0.5901944006442035,-0.2553128272906766,-1.1179126376315964,0.9554032402167509,0.05187319884726225,0.22177098567805173,1,0,0.0,4.041347426784585,14.332489023978386,0.6999999999999886,1.8818443804034581,1.3959137769262513,4,0,2.0,0.09667497088179997,-1.2911943644414414,4.0,1.928903666793589,1.8819458323002793,11.313021760508752,0.0082553987201012,1.3840420990147255,1.9199349897646434,4.811434363670241,5.287953273185662,0.23919308357348704,0.2420749279538905,0.25360230547550433,0.26512968299711814,0.2132564841498559,0.12968299711815562,0.2420749279538905,0.2017291066282421,0.2132564841498559,11.566666666666666,347,1_019_2025.03.11
4.6796875,2.98677709284502,9,0,5.0,-0.10776428623922218,-1.2207846092843142,9.0,0.3089020478527281,0.05682919754272696,0.3988500158208699,0.2003040925526191,0.310976457304731,-0.20718223682481612,-1.0643525130512606,0.39129632605942105,0.667654836091503,10.651163092133286,24.688704581528423,-22.400734429822855,1.0120376613700057,0.06724905232686182,-0.6540198697740487,17.98544543042466,0.7535232666344251,9.1662435837291,23.03216601811308,-23.08039735264748,0.5896214717484691,0.049044259556080064,-0.4164780559194772,16.326149166639553,0.4437867580209546,5.19865057944697,14.397479490048266,-13.845133951372883,0.5660949837622953,-0.05440794607841122,0.12884928389243688,8.895790301617058,0.421875,0.4938587696649721,1,0,0.0,0.31638599858416633,-1.8998998998999,1.0,1.0048201762712434,0.9611456061689816,4.358575972117562,0.0007932049595243,0.7413483616071966,1.28930122470002,1.2588187627660359,2.99491661827819,0.1171875,0.3216435757849828,1,0,0.0,2.3803522210305754,3.6660766961651916,1.0,0.5410088932786135,0.5161798870222992,2.326323558728676,0.0084618252018875,0.393430829064452,1.4372348449888175,1.6459068757098034,1.5982172740830787,0.5357399726267754,0.27910664406595814,0.9991004637907264,0.009056555761015,0.5478705205614256,-0.15110679325678086,-1.1381451074340059,0.9471535088080187,0.046875,0.21137108216357317,1,0,0.0,4.287483371536522,16.382513661202186,0.0,2.09375,1.3718002542279981,4,0,2.0,0.012554572955879828,-1.173934763119562,4.0,2.0152647593885176,2.244443465270019,13.575612916601846,0.0118397019153932,1.3097805384567807,2.1738146660056032,6.134624820750892,6.113164341577342,0.203125,0.2890625,0.28125,0.2265625,0.3125,0.140625,0.15625,0.125,0.265625,4.266666666666667,128,1_030_2025.03.20
4.4411764705882355,2.8687511341520144,9,0,5.0,-0.001566620060733072,-1.2486839799965685,9.0,0.30085022563105684,0.05756245963316596,0.3990585217207448,0.2003778464947768,0.30024457917292074,0.014544502778407527,-1.1564986836295286,0.3909670245162228,0.25949649598133046,10.313566276356315,28.045266496307505,-26.791065046478234,0.8231050227021783,-0.07372721713609988,-0.44594922878117194,17.036449040922985,-0.30345357000362144,9.930458431603917,28.05567980358326,-38.95873525238383,-0.20025414326345353,-0.16766174328703887,0.3356389656600589,15.259450741462299,0.030908619773418806,4.926689120154018,12.987586603270682,-13.152507413073929,0.13089579512053556,-0.17829687929286078,-0.3606378244067163,8.050060735678176,0.4369747899159664,0.49601191809659523,1,0,0.0,0.2541278053393864,-1.9354190585533877,1.0,0.9750357687302995,1.0193629354615352,6.622351937757797,0.0020116566459741,0.6094957482105834,2.0724961931136976,5.8847822436602275,2.9765863338705993,0.09873949579831932,0.2983119303142484,1,0,0.0,2.690207554079275,5.237216684025194,1.0,0.5059998305658461,0.5090681391358113,3.3918616158928843,6.428923201023301e-05,0.3359095472039342,1.8651417377789026,4.304169242483793,1.533371525269554,0.50702481435769,0.28475419129233664,0.9987079604897028,0.008159638837459,0.5152711932332057,0.004480032892695768,-1.2208039891453635,0.944779746978149,0.052521008403361345,0.22307521619322795,1,0,0.0,4.011911311645055,14.095432372505535,1.0,1.9474789915966386,1.4005453430581989,4,0,2.0,0.06590611049611166,-1.2824293660153336,4.0,2.019402266696489,1.9838830389375652,12.381063321117946,0.0012902479032353,1.5147322355116435,1.8040941714701482,3.9687549452327033,6.20157290139942,0.226890756302521,0.25,0.28781512605042014,0.23529411764705882,0.19327731092436976,0.19327731092436976,0.2415966386554622,0.17647058823529413,0.1953781512605042,15.866666666666667,476,1_054_2025.04.14
4.5277207392197125,2.836175726499013,9,0,4.0,0.019584140454816715,-1.2147714388746718,9.0,0.303100804848547,0.057642846836463785,0.3997520012869695,0.2002597225320498,0.3038998421978193,-0.04086476179887779,-1.1900779904231098,0.39112183944195833,-0.21611760573944885,10.028050632467794,30.95190394816642,-35.69772927194766,-0.3235198876229269,-0.1433851132796715,0.07417003413961165,16.051633138269384,0.57079874589459,10.415340966187161,28.57292769839151,-30.208916340093896,0.7202014610807371,0.0011012955236905974,-0.11639360640843277,17.9405715063331,-0.36736391993758033,4.6213657096318155,18.295226803163303,-13.080887549869844,-0.5592177538050004,0.10934626911428345,0.295919356310236,6.753537813689277,0.5010266940451745,0.49999894589822647,1,0,1.0,-0.004106784838636516,-1.9999831343182894,1.0,0.9402851655867942,0.9946692660964849,9.047233888553334,0.0002731013874324,0.633832144059283,2.5104556077673292,11.10545080235003,2.880759248153868,0.10061601642710473,0.3008196031934178,1,0,0.0,2.6553055674108017,5.050647656322804,1.0,0.5289802822974978,0.4910361283694411,4.239933426084553,0.0003260639844772,0.4034893748204003,2.148218320237441,8.87014390178769,1.4106311159038092,0.511074775287215,0.28654343306324975,0.9999839401889,0.0047903394498395,0.492896227337434,0.005632708551663119,-1.1888319380889414,0.9591755951086379,0.07392197125256673,0.26164386753505503,1,0,0.0,3.2569311313237446,8.60760039418576,1.0,2.026694045174538,1.4448470908152289,4,0,2.0,-0.022074223040417534,-1.356482531010853,4.0,1.9866411531504036,1.970247160596263,14.964346586024444,0.0005022504373322,1.4145350463996949,2.0228729251981648,6.534774962162601,5.477356994961885,0.2587268993839836,0.23819301848049282,0.2546201232032854,0.24845995893223818,0.1971252566735113,0.2053388090349076,0.20944558521560575,0.19301848049281314,0.19507186858316222,16.233333333333334,487,0_023_2025.03.14
4.5,2.9776565208506476,9,0,5.0,-0.06459853855297082,-1.317930794649079,9.0,0.29092012265895406,0.057433658929602324,0.3970274795090323,0.2013320922245472,0.2858189408749132,0.2294503358353975,-1.1014150057738912,0.38934813774898586,0.5736797436483845,10.134838656678273,27.277358760011573,-23.97590087755885,-0.3850965585152427,0.06808094241543418,-0.3066214813142336,17.825662237599392,-0.8298943507692998,10.139245790035703,29.340701857898992,-23.700378842809457,-0.18857421309099903,0.09968241280973732,-0.1667414819715276,16.404288572668655,-0.5461384396730773,4.923983656168293,10.80378696201317,-12.26326767059518,-0.2105684937366994,-0.11917169878013192,-0.40157140438090755,7.344965650705104,0.4520547945205479,0.4976959486187657,1,0,0.0,0.1926686588971131,-1.962878787878788,1.0,0.8676864883192338,0.8819832137333359,4.8543388004530446,0.0009536191396169,0.6294772004361485,2.0724493886028723,5.3108407736361265,2.6029064501543813,0.13013698630136986,0.33645408467986676,1,0,0.0,2.1985942839751917,2.8338168255283884,1.0,0.5769263424222454,0.5689534826469608,3.2396889614767987,0.007909592800538,0.4271960901694519,2.0098641060089304,4.82203217933261,1.612813789850012,0.5035240929429273,0.2960911253809946,0.9962476087063432,0.0042127239797051,0.5036516591810594,0.002102541588357079,-1.1509014248470972,0.9564392176188776,0.06164383561643835,0.24050753241204706,1,0,0.0,3.6452593395915156,11.287915652879162,1.0,1.86986301369863,1.3511217999207377,4,0,2.0,0.08713145623535215,-1.2114855418493908,4.0,2.0546256099260165,1.9253799170510886,11.4236517283434,0.0495139589492133,1.535531690992594,1.9443315999023152,5.025654443778217,5.631845882457517,0.2328767123287671,0.21232876712328766,0.3082191780821918,0.2465753424657534,0.17123287671232876,0.2534246575342466,0.17123287671232876,0.2054794520547945,0.19863013698630136,4.866666666666666,146,0_031_2025.03.17
4.248366013071895,2.824452161008446,9,0,4.0,0.07026053593244826,-1.3279328349301451,9.0,0.2899763123806876,0.057398809086624876,0.3986859048313636,0.2017914487687819,0.2836116174189202,0.20855469695287723,-1.2389373176956207,0.38072379123501154,-1.3795536147635274,9.971589578406736,25.924250338046903,-27.12809556824656,-1.848069630035141,0.02611419952293155,-0.08015228478733594,14.108908282991843,0.2435701675456709,9.08109248127744,23.00273287556386,-26.462479235669885,0.0472108731066135,-0.13032750902173146,0.0803110594610219,13.736519131852354,0.461962992970024,4.926713064806478,13.02695577534312,-9.825159425199182,0.1345164639139199,0.08808598183330904,-0.6770874287871291,8.322494754268362,0.6143790849673203,0.48674164083427107,1,0,1.0,-0.46997863084520786,-1.7791200865488637,1.0,1.099928478303537,1.1103845719036833,6.059510194092987,0.0058232272738938,0.7293389611751027,1.8478292682511415,4.012924965643351,3.0200680639024102,0.0784313725490196,0.2688492000157272,1,0,0.0,3.1360973172047344,7.835106382978726,1.0,0.4721120242649412,0.4428594060973339,2.041630649409581,0.0031142467627074,0.3421146753534073,1.556829852417043,2.08495297211464,1.5102155370279677,0.48047910646203856,0.300626636598628,0.9876192692045876,0.0039898866100511,0.4680316467235967,0.06731914278045166,-1.3978073063398107,0.9277938886128134,0.05228758169934641,0.22260635772452814,1,0,0.0,4.022458503675718,14.180172413793098,0.4000000000000057,2.026143790849673,1.4368980406849303,4,0,2.0,-0.006122025731914396,-1.3579279086157978,4.0,1.7624346336622212,1.9734807827999157,10.493515168536122,0.0051936005679887,1.0671823670484153,1.8435921275387865,3.315105936131796,6.181167230255376,0.2549019607843137,0.21568627450980393,0.2679738562091503,0.26143790849673204,0.1503267973856209,0.20915032679738563,0.1830065359477124,0.24836601307189543,0.20915032679738563,5.1,153,1_056_2025.04.15
4.6997319034852545,2.7075358905036784,9,0,5.0,-0.027118573027325354,-1.1189993356151264,9.0,0.2958982089243361,0.058082954249226236,0.3995626283073743,0.2006123935813671,0.2917211965574706,0.09606188357218222,-1.1702578706359592,0.39012796411919143,0.5602165664765928,9.977962386477195,27.44831051358352,-24.32187934902663,0.1501870188684376,0.13039355396474608,-0.36796155679422116,17.722817701949587,0.22031094251737654,10.158574948330376,28.830068444211285,-28.723596612733115,-0.2955490775389331,0.10231683362617475,-0.17356463289724866,17.77256176294283,0.1521139619582743,5.064729450424432,15.76585030532688,-14.43372852502836,0.3456257785580018,-0.03553654430737387,0.0171368734599171,8.139711132408786,0.5227882037533512,0.49948042781443974,1,0,1.0,-0.09124763447915195,-1.9916738692019589,1.0,0.9901699750882539,0.9886827149805042,5.199771983261946,0.000440438583034,0.6708081928632456,1.6453694410235382,2.7373109232199466,2.9848498700830963,0.0938337801608579,0.29159732828265367,1,0,0.0,2.7858020663717036,5.760693153000847,1.0,0.46815604453536924,0.4601446105401353,3.368307447078644,0.0003458112929464,0.3252993543414786,1.8549193404932949,4.906154400976328,1.4764501659535225,0.4828841694408053,0.28306336340432375,0.9852003792562996,0.0010302987239043,0.4786723882793308,0.10585916232943887,-1.1949432723755449,0.9354775399682447,0.029490616621983913,0.16917718567596243,1,0,0.0,5.562326639943257,28.939477649422418,0.0,2.091152815013405,1.378600141194584,4,0,2.0,-0.1515796728975924,-1.2285622468686008,4.0,2.1579723114435296,2.0902099222596706,11.219340681373405,0.0020380599821027,1.5276848748694605,1.639981662073427,2.8383032046267846,6.48472976832929,0.2546916890080429,0.2225201072386059,0.24664879356568364,0.2761394101876676,0.19302949061662197,0.1903485254691689,0.20107238605898123,0.21715817694369974,0.19839142091152814,12.433333333333334,373,1_026_2025.03.18
4.18018018018018,2.993079700519388,9,0,4.0,0.09805408880934027,-1.3855720445207977,9.0,0.3019027944551607,0.060662362494204314,0.3975777600913375,0.204925032347341,0.3050972614750503,-0.03235208986959346,-1.3503059746246016,0.3893460614381308,0.8170878313336992,9.236436692144224,23.03286992644583,-20.635758009280472,0.5308277714926405,0.08649159124251853,-0.3131689003617488,15.86364559823121,-0.7407879553653435,9.703553769389451,22.12442925913285,-21.051766220035507,-1.5211763872050938,0.17901767605106192,-0.6272073684435902,17.190556075875204,1.1494428695464547,4.696678864834426,14.676022978685424,-11.478597460945036,1.3114032420634136,0.20411702303890553,-0.002660191045265048,8.398751215920836,0.5495495495495496,0.49753878455798467,1,0,1.0,-0.19917864129354132,-1.9603278688524586,1.0,0.9521026384174919,0.9040071608709038,4.155353516871132,0.0040683258384737,0.5821167780923059,1.166418776774381,0.6627469859306157,2.6251588771284884,0.10810810810810811,0.3105168998128664,1,0,0.0,2.5241260113576174,4.371212121212122,1.0,0.5009310344916351,0.44851807093970614,2.885561865025318,0.0018055605151285,0.4025977250012601,2.227919770523032,7.47309873082132,1.1338714166788568,0.4778217924657353,0.29548822826863996,0.997022906007024,0.0066115393306055,0.4729638046315384,0.15410482068027434,-1.2061252647134428,0.9656108375920214,0.06306306306306306,0.24307635249066742,1,0,0.0,3.595059185806342,10.924450549450551,1.0,1.990990990990991,1.3787021936072985,4,0,2.0,-0.06633851756922013,-1.2790380319724977,4.0,1.7625788618369398,1.8977686371490436,12.753632472338198,0.0397180219863637,1.2093247934940852,2.5269173260895617,9.557482660779907,5.339130891225002,0.1981981981981982,0.24324324324324326,0.24324324324324326,0.3153153153153153,0.22522522522522523,0.22522522522522523,0.1981981981981982,0.18018018018018017,0.17117117117117117,3.7,111,0_020_2025.03.11
4.705555555555556,3.0435673919162367,9,0,5.0,-0.18277270779252752,-1.3429655114463246,9.0,0.3005288929870813,0.057326883685780934,0.3998992255507003,0.2013339758438731,0.29556214368951983,0.05074447743776901,-1.1517317787641415,0.39233631195723406,-1.0210566834203285,10.0392236259825,24.431424895669576,-33.986764970024126,-1.2227164585946253,-0.014830069476377631,0.6024717775003192,18.117374378309073,0.40458762566973344,9.399596500140932,22.449137047906117,-29.138354203991863,-0.02565568076532115,-0.37325723054715015,0.3451487659771817,15.18069879830682,-0.9706098628212707,5.080219779881024,11.943306274738248,-14.579933145448368,-0.7437226109171009,-0.15353364300688183,-0.3021325552632521,6.811523106885356,0.4777777777777778,0.4995059287330894,1,0,0.0,0.08897681066002548,-1.9920831271647703,1.0,0.9193782910199938,0.8719251816630854,4.950094671552562,0.0017450860853665,0.6641935710583189,1.3704421743546604,2.094446248931405,2.720907060521016,0.10555555555555556,0.3072679290894408,1,0,0.0,2.567429966500851,4.591696632886563,1.0,0.44630976174577325,0.5004216475692654,4.2937637350884525,0.0010397061631306,0.3050195607564611,3.5286445178181265,20.04230326398387,1.1382914495979932,0.5119273830191593,0.29273621693737756,0.9989375110078842,0.0026711354714078,0.523412531045401,-0.05430349609970223,-1.1405016756675466,0.959408947862619,0.022222222222222223,0.14740554623801777,1,0,0.0,6.482493908421918,40.02272727272727,0.0,2.0444444444444443,1.3695993827159103,4,0,2.0,-0.08008661041261436,-1.2117724189118873,4.0,1.9930197862797574,2.0541453014254873,10.735243793587292,0.0045129463043117,1.3965947541924115,1.5775434287347627,2.5333955608601393,6.179987128131435,0.28888888888888886,0.18888888888888888,0.24444444444444444,0.2777777777777778,0.18333333333333332,0.17777777777777778,0.17222222222222222,0.25555555555555554,0.2111111111111111,6.0,180,1_001_2025-01-27
4.620111731843576,2.879485907876829,9,0,5.0,-0.07972899533991094,-1.2620199228922544,9.0,0.2994275975016875,0.05627775928755379,0.397935459094113,0.2010422624212477,0.3015852766001492,0.023077404059008683,-1.1468588474828652,0.38815674688544644,-0.9905526716969306,10.189555945096165,23.44523984549857,-32.469657586250904,-1.1336856929128474,-0.2095838196293671,-0.22039699114815292,14.42223971867288,0.5530477732139474,9.88509159585589,26.84635468793131,-34.430765807785,0.5750784496538461,-0.0687966313650341,0.1153490393226364,16.45482963596074,-0.33975752630337486,4.854962474286908,13.270124307904265,-17.85265688119029,-0.19554993680902966,-0.05510782585102784,0.22368971961866446,7.369860387192752,0.4972067039106145,0.499992197436077,1,0,0.0,0.01117335871923336,-1.999875156054931,1.0,1.0012818596529656,0.909914299058159,5.550762140828761,0.0019705449538259,0.7595463759895462,1.6787036233521457,3.8904842946790374,2.665079497770606,0.07262569832402235,0.2595211094823896,1,0,0.0,3.2935609941585744,8.847544022242815,1.0,0.5147059935256403,0.5038501424151952,3.0623090859771622,0.0076452842645056,0.3771226823824783,2.031159008691646,5.162738043821696,1.5897027467807445,0.5023978526821482,0.28291202775831736,0.9986018666134454,0.0030405835333134,0.5065613929110712,-0.04601766111562909,-1.1518106419831358,0.9454263063782702,0.08379888268156424,0.27708596128798313,1,0,0.0,3.0041299485820323,7.024796747967482,1.0,1.9720670391061452,1.4079985700132616,4,0,2.0,0.08554270579187653,-1.2798574349735738,4.0,2.0308314761209116,2.009631592770856,18.41984773095898,0.0049797935323321,1.4808397476074189,2.636186362112297,13.338981102965707,5.743197483834589,0.2346368715083799,0.22625698324022347,0.2541899441340782,0.2849162011173184,0.2206703910614525,0.18435754189944134,0.17039106145251395,0.22905027932960895,0.19553072625698323,11.933333333333334,358,1_014_2025.03.06
4.727699530516432,2.974229353588297,9,0,5.0,-0.11714509600833285,-1.2852217424904935,9.0,0.29982132483815815,0.06252095493358462,0.3987326965448404,0.200400275913279,0.3023104002670425,-0.06397845779213127,-1.3512039959350945,0.390788974680592,-0.12004266885154767,10.10914351375976,26.796745652237828,-32.3487221030765,-0.174694857587682,-0.10654899076582243,0.4322206356832208,16.297295544751083,-0.026312208901947194,10.362743638048448,27.931645421288664,-25.363207155997923,0.2380127741978881,0.10528019719063758,-0.36177674393436776,17.624361445580675,-0.06464609712171931,4.99987781885616,11.822395925140407,-12.882075715997834,-0.0941639344787377,-0.07560175663679058,-0.2712677334715736,7.927325281353817,0.47417840375586856,0.4993328000115805,1,0,0.0,0.10342439448613279,-1.9893033946251768,1.0,1.067942592481271,1.0719571516859296,5.791691594916282,0.0011479278911208,0.7228852560066504,1.9280665827597843,4.375659935546338,3.0936292308441597,0.09859154929577464,0.2981128237819257,1,0,0.0,2.692996870190744,5.252232142857142,1.0,0.5037929178768122,0.5145811403724126,3.255796790812174,0.0006970481341655,0.3428673200982822,2.1713253484560586,6.0819631715765965,1.55217133755333,0.4804556342743708,0.29943597990780024,0.9926377942443262,0.0001640625049743,0.4994487881398789,0.0439627595540515,-1.3094333553124076,0.9525193281247519,0.04225352112676056,0.20116699798712256,1,0,0.0,4.550910273091032,18.710784313725473,0.0,2.084507042253521,1.4575026445501205,4,0,2.0,-0.1013534479856101,-1.3633129631916208,4.0,2.096554880564816,1.7923987984752694,7.189168177245671,0.0134746188756214,1.548438791406707,0.9002898959460203,-0.09191089937869013,5.963257622888809,0.2300469483568075,0.27230046948356806,0.22535211267605634,0.27230046948356806,0.19248826291079812,0.2535211267605634,0.18779342723004694,0.2112676056338028,0.15492957746478872,7.1,213,020_2025.03.11
4.080246913580247,2.845786131188671,9,0,4.0,0.22741765648445803,-1.1223543744876519,9.0,0.3008007124914967,0.05788038993814135,0.3996889435938958,0.2011566531184181,0.29717146331047306,0.07337049345645552,-1.210790908892948,0.39280410125359927,-0.75679025423868,9.268317784118578,20.92511013448997,-33.87196581679015,-1.2788996145366833,-0.2239158062241334,0.647791212925132,13.531101480018847,-1.0822423105962342,10.387760312139353,30.18636117092628,-30.70328623497555,-1.0945308990299445,-0.03311535697663814,-0.3399918512012281,13.995481791369148,0.042925663119527065,5.0791937488873495,14.400267464069865,-13.512112844206651,-0.15223501237530113,0.1372072629403514,0.12572165795524626,8.364609028783315,0.5555555555555556,0.4969039949999533,1,0,1.0,-0.22360679774997905,-1.9500000000000002,1.0,1.0462396218052132,0.9530608530002319,5.651451923418059,0.0230229283821161,0.7312629781877502,1.6847528689486475,3.4039087136091997,2.993837923950337,0.08024691358024691,0.2716750751193258,1,0,0.0,3.090111128048003,7.5487867836861025,1.0,0.5351722933991419,0.555964869927555,3.05872889963504,0.0014517952860746,0.32842256427769073,1.6007904456092081,3.0255277724081235,1.5629702352716512,0.4696185372328628,0.28466771766485516,0.9942788470995704,0.014941978009769,0.4625027137341715,0.11705363339271252,-1.176884630210736,0.9235565196663255,0.024691358024691357,0.1551827788885992,1,0,0.0,6.125791088153123,35.52531645569622,0.0,1.9197530864197532,1.3378552721266754,4,0,2.0,0.06931354799007367,-1.1262885311125512,4.0,1.9939300080412985,2.1123316518965805,11.531839240628733,0.001448234194603,1.3500556293977586,1.9969202537735482,4.750589888684544,6.32321287988521,0.30864197530864196,0.20987654320987653,0.2222222222222222,0.25925925925925924,0.17901234567901234,0.2777777777777778,0.2037037037037037,0.14814814814814814,0.19135802469135801,5.4,162,0_011_2025.02.07
4.222222222222222,2.9389600151787203,9,0,4.0,0.0620099435866813,-1.2754060821076156,9.0,0.3025763517437958,0.05595246220713965,0.3996777934438016,0.2002699872508337,0.30397094101504935,-0.030542942697845278,-1.0698842819513767,0.39192726398356886,-0.4274413115994701,9.879202402368767,31.180360671625863,-30.259976674666245,-0.5365685512442627,0.2158899523928996,0.1146736464577418,16.397122167498722,-1.020420576278075,10.25760910966175,28.987289276252177,-27.24411601729532,-1.1459298492531529,0.1097910352263884,-0.2799888770373449,15.071122958211637,0.07605631807689205,5.0708665083435065,13.954892898680836,-14.025307471940003,0.2257529312703604,-0.04654140074619482,-0.24423696782615467,8.350344729837738,0.46464646464646464,0.49874856143953566,1,0,0.0,0.14176897172994196,-1.979901558654635,1.0,0.9581280367917808,1.000989352854754,7.871303549311939,0.0071225106158979,0.6984176802305915,2.5641118455741223,10.277156973432035,2.6827134930261476,0.09343434343434344,0.2910401465456898,1,0,0.0,2.7938802353635475,5.8057667695550705,1.0,0.4972002903398605,0.5135673640626174,3.109021798095976,0.0001734826116426,0.3240133659914809,1.873316694676805,3.927700182212293,1.5845615569541176,0.5127693169015679,0.2909181511229562,0.9996485275470944,0.003949448611067,0.5239374824853918,-0.04885757475560115,-1.227724811524301,0.951850886601474,0.06060606060606061,0.23860629921247914,1,0,0.0,3.6830036830055235,11.564516129032263,1.0,1.9924242424242424,1.40792962900153,4,0,2.0,-0.0028587187457350624,-1.2849766916808554,4.0,2.1923590109356597,2.249587132512024,13.473622956319636,0.0041723253932712,1.5373525906058187,1.9777735639395786,5.125219760259821,6.667645720777157,0.3005050505050505,0.2222222222222222,0.255050505050505,0.2222222222222222,0.20202020202020202,0.17424242424242425,0.22474747474747475,0.1691919191919192,0.2297979797979798,13.2,396,1_044_2025.04.01
4.650666666666667,2.8478002426824505,9,0,5.0,-0.054012895211576734,-1.2150359836225137,9.0,0.29890622914220977,0.05912485133711614,0.3996331858964232,0.2001048282507729,0.3000830131244222,0.015310353226203633,-1.2098053132444848,0.391466294240131,-0.7871198802464477,10.337566569911827,26.138290024546716,-30.967655348710288,-1.719798343047421,0.11639528621315035,-0.3110296584845549,16.094810625454883,0.6018069436866652,10.063174157015254,25.96343112959074,-29.54278045039816,0.8622795332611028,-0.02186061567305988,-0.1673805209796977,18.678485472810003,-0.13447031130371942,5.150411698783455,14.796208811723766,-15.818278543180872,-0.2915998051395863,0.10020687224110181,-0.008275474790814474,8.602563354736706,0.48,0.49959983987187184,1,0,0.0,0.08006407690254365,-1.9935897435897434,1.0,0.9684065786705784,0.9453090717235555,6.500638692517736,0.002441148978024,0.7277199054856954,1.9804986476188482,5.357720794622349,3.1489443558703925,0.10666666666666667,0.30868898407440604,1,0,0.0,2.548411855465011,4.4944029850746245,1.0,0.48654650305311803,0.4842070406184626,2.7618810870938084,0.0002264480104384,0.3453135376369168,1.8089099608237469,3.6742016719524413,1.5098216992016327,0.5048575282234451,0.29937445722597417,0.994620948146361,0.0008111341678006,0.5177731497344991,-0.11383524019071577,-1.2656653313952928,0.9475850718672448,0.056,0.22992172581119863,1,0,0.0,3.8621839535476754,12.91646489104116,1.0,1.9946666666666666,1.4009419053701773,4,0,2.0,-0.02543367831901816,-1.2780560678343427,4.0,2.0911497185480856,2.0106126606604606,10.75883317111771,0.0063607312415332,1.534866494007153,1.6864535258166604,3.039920929322955,6.460314020093867,0.25066666666666665,0.2693333333333333,0.22666666666666666,0.25333333333333335,0.2,0.22133333333333333,0.17866666666666667,0.2,0.2,12.5,375,1_050_2025.04.10
4.490825688073395,2.8866043440936138,9,0,4.0,0.05463851486126302,-1.2407132996106132,9.0,0.29500751456344665,0.05768546649573737,0.3993936223526949,0.2003055724381387,0.2870960332838804,0.1453800384408337,-1.0985066815715312,0.38966427689828254,1.0300818563529173,10.136400681085364,26.07042141777965,-25.96540518000518,1.5659312559300398,-0.02669166462274772,-0.1645826701009141,18.31324653507077,-0.02842258888707368,9.722033461063631,26.847400148568383,-28.71985586711461,0.29033863275218064,0.08847178585952285,0.12180990928059998,16.449202423383653,0.1892522763086086,4.936404659202756,11.984219423561502,-14.11557303315397,0.09852703922798635,-0.1376947949226974,-0.09433281047467101,8.31730308444586,0.5137614678899083,0.49981058612389867,1,0,1.0,-0.05506673236607661,-1.9969676549865236,1.0,1.0044660759341797,0.945075729225361,5.086268170566668,0.0024758577112285,0.7059723013286051,1.3794982923890153,1.9246364315151698,2.840041631797688,0.0963302752293578,0.2950436464382753,1,0,0.0,2.7363390443663875,5.487551365723954,1.0,0.47326933977128466,0.4749251139532129,2.9576529686239383,0.0007481282134622,0.3169263713237631,1.9439855259897645,4.87128628811663,1.3665206838623,0.5130818631106544,0.29533473628968054,0.9978105936253692,0.0089737526263268,0.48576006724981224,0.05007061064050069,-1.2682454244736858,0.9608131041201313,0.045871559633027525,0.20920650001819044,1,0,0.0,4.341437195569797,16.84807692307693,0.0,1.963302752293578,1.3574571850553814,4,0,2.0,0.08845662644604738,-1.2196732721612447,4.0,2.201962159029663,2.1608747014565015,11.711823833598633,0.0304736588096555,1.462919609584799,2.040477996765613,4.688137712182362,6.271333500346538,0.30275229357798167,0.22935779816513763,0.23853211009174313,0.22935779816513763,0.2018348623853211,0.22018348623853212,0.16972477064220184,0.21559633027522937,0.1926605504587156,7.266666666666667,218,0_007_2025.01.21
4.410179640718563,2.807605895764718,9,0,4.0,-0.010527686036741552,-1.1667922812315628,9.0,0.2960240245124957,0.05691624489345549,0.399959982910027,0.201734767805682,0.29624770313725657,0.09187155217791886,-1.2010618114199807,0.38786186132581474,0.30340131630255995,11.014416876899679,28.91886602086213,-29.31508748489528,0.7967736824134318,-0.1608777471687045,-0.2766313756212857,18.05200883610733,-0.4239459563311221,9.89962592462018,31.48990969824073,-25.569940563172715,-0.6006183984835551,0.01325779778383058,-0.20518439492749874,15.870674751422557,-0.25951001745577945,4.968938662823955,15.002562217142534,-13.964629200660784,-0.11565892545845544,0.057156073092578294,0.003120291525948282,8.288226660341572,0.45808383233532934,0.49823993706677827,1,0,0.0,0.1682569563228436,-1.9716895966489723,1.0,0.9400399883041766,0.9199356665560636,5.212035227297144,0.0083411499847764,0.633992131090045,1.6613646651078826,2.958810758633219,2.9434473616026486,0.10778443113772455,0.310107961107163,1,0,0.0,2.529542082453915,4.398583146905291,1.0,0.48892608572859125,0.4699792437490204,2.622934220814208,0.0008642155604523,0.345355870389113,1.721006046068537,3.416285575155534,1.3916004492831695,0.5115215552421377,0.29564311097091617,0.9969999572043774,0.0012478663080488,0.508082246473341,-0.06060800387525008,-1.2659879387749022,0.9486997312779881,0.059880239520958084,0.2372648234270533,1,0,0.0,3.7099453186692553,11.763694267515927,1.0,2.104790419161677,1.453194226203051,4,0,2.0,-0.10060689831512022,-1.3660900934259874,4.0,1.9819530175933762,2.0073251124159963,13.742818133791468,0.0016652481728819,1.3874276454579275,2.0498283674376427,5.844009573497452,5.818853809178933,0.27844311377245506,0.23952095808383234,0.24550898203592814,0.23652694610778444,0.18562874251497005,0.17964071856287425,0.19760479041916168,0.20359281437125748,0.23353293413173654,11.133333333333333,334,1_029_2025.03.20
4.637254901960785,2.8357747809421685,9,0,5.0,-0.0909324872127395,-1.1787089919858755,9.0,0.299422936781105,0.05728891125905591,0.3989060558509934,0.2009396082427629,0.29886592285443736,0.004202751193281771,-1.1863737579147589,0.38909388795216737,0.35327545138454725,10.170777462446456,30.35796707289884,-27.3018070718576,0.46890616818895586,0.21970490095852688,0.218404950366895,17.620156059424836,-0.0492702634304143,10.662117387308898,31.166212603477483,-34.79211906444458,-0.09814301625559295,-0.13353796259770806,-0.024824734360964218,16.131052824814027,0.32625557459953203,4.674979002238046,13.358284299022088,-14.353252492500332,0.38312041312658535,0.0543216223001228,-0.2364798014099625,7.7310294000893816,0.4803921568627451,0.49961538455846694,1,0,0.0,0.07849175082782218,-1.9938390450519832,1.0,1.0282857589197543,1.0459389718604992,6.684938118940309,0.0035004393749413,0.6538897344874761,1.8215516273372265,4.342849571698558,3.069606149047722,0.09803921568627451,0.2973676644726098,1,0,0.0,2.703459940922727,5.308695652173913,1.0,0.5422463262842743,0.49867179553848245,2.840761238491037,0.0073480372082576,0.3865638448067569,1.593313148530486,2.8435148751606896,1.5731732617769605,0.53646295018301,0.29016332029965103,0.9996362783463032,0.0017937955895823,0.5447497259711337,-0.12905803816806502,-1.2226896641576115,0.9649091495480304,0.049019607843137254,0.21590897593671804,1,0,0.0,4.177504804515798,15.451546391752572,0.0,1.8169934640522876,1.4023225762286005,4,0,2.0,0.15672095691354074,-1.2460422747352358,4.0,1.9915881394269574,1.9847211120567956,12.16908574946731,0.0028197611879293,1.250940030615354,1.60353144916529,2.85808534016146,6.30823156619415,0.2549019607843137,0.21241830065359477,0.27124183006535946,0.26143790849673204,0.19934640522875818,0.2222222222222222,0.20261437908496732,0.1895424836601307,0.18627450980392157,10.2,306,1_057_2025.04.17
4.251497005988024,2.7418219452277266,9,0,4.0,0.11449919938349024,-1.065196640220896,9.0,0.3035128702690365,0.05584262612143643,0.3997206254673239,0.2009561465070749,0.3079472765941807,-0.16313507906208355,-1.0122821787452725,0.3910830793009117,-0.1457900248753161,10.38498763791229,33.23871794466488,-39.40860468094753,-0.7888762720915092,0.04495455309525608,1.138788992269169,16.172383200927587,-0.8793149282772971,10.43964344819291,26.713947230512545,-25.37774940744468,-1.5402460788444312,0.15275088930711733,-0.17592485556567095,17.362136870802754,0.3371194613356499,4.655087498119088,13.747193749935589,-10.610899063421328,-0.1555521912900417,0.27648741828742124,-0.1995904889737372,8.502190300887476,0.5209580838323353,0.4995605656195021,1,0,1.0,-0.08390607775994227,-1.9929597701149429,1.0,1.0231713171707066,1.045630144327769,7.132694242091238,0.0026333117416523,0.6535811438082573,2.147877286023604,6.95526994272354,3.072360098524479,0.10179640718562874,0.3023803873761101,1,0,0.0,2.6337924643179544,4.936862745098042,1.0,0.4429022946704703,0.4766823939434311,3.531500791324497,0.0028146455470535,0.3016526799220207,2.5587272553965588,10.658701240391371,1.2622329389810971,0.4903202936781152,0.283266061176663,0.9889640601854456,0.0059181379036571,0.4811992369939845,-0.02699299456074531,-1.1731413982167422,0.9280815499185289,0.059880239520958084,0.23726482342705332,1,0,0.0,3.7099453186692517,11.76369426751591,1.0,1.8323353293413174,1.4627211726339364,4,0,2.0,0.17700504679009715,-1.2999495836114885,4.0,1.8228179659547903,1.7788416310772315,8.12481322660528,0.0071792936042341,1.2089456728074308,1.5375365612744971,2.107058281429893,5.922100232090934,0.281437125748503,0.2634730538922156,0.20359281437125748,0.25149700598802394,0.17964071856287425,0.16167664670658682,0.25149700598802394,0.24550898203592814,0.16167664670658682,5.566666666666666,167,1_008(1)_2025.01.22
4.57051282051282,2.650863863761134,9,0,5.0,-0.06338679030989722,-0.998508977066745,9.0,0.29815453778249673,0.05809770430895585,0.3993480852073148,0.2004156588076128,0.301978127121743,-0.01580155369966363,-1.195732456492513,0.3897065722908001,-0.5737976378539381,9.76365023050969,27.67154169984571,-24.6631630536119,-0.8316007801522443,0.1299867915098892,-0.16480522853286272,16.150832173445004,-0.6282497058670273,9.229741119863156,22.49140187397636,-20.092385555330484,-1.5523771760964573,0.2812624860291393,-0.5311120943488472,16.658406509619144,0.41655982581755524,5.088625038574599,12.739244598064555,-13.433784300764875,0.20698716003091455,-0.1834535748339122,-0.15530470244279337,8.300817245726337,0.532051282051282,0.49897165783125313,1,0,1.0,-0.12846934910327687,-1.9834956263409804,1.0,0.8971361837333413,0.8955189328318499,4.710593532876999,0.0055871969586893,0.5985418962637277,1.7720960611050622,3.753333001744445,2.5001917767229527,0.14743589743589744,0.354539918180124,1,0,0.0,1.9888541994020672,1.9555410264792394,1.0,0.5026347026500064,0.5251258045458744,3.226088525092928,0.0002484106414849,0.3411868021663433,2.275428991535166,6.692542233127233,1.4977847647139186,0.4802368301519252,0.28978409768928753,0.9916760621353816,0.0417664705608613,0.470642182802994,0.13972633707315227,-1.2461839868363205,0.9559911575531777,0.05128205128205128,0.22057244274468277,1,0,0.0,4.068667356033672,14.554054054054046,0.25,2.0576923076923075,1.3692613796635997,4,0,2.0,-0.02909396460781838,-1.224092603498018,4.0,2.047285151793995,1.826854515818866,9.677260580151726,0.0132430959211862,1.5398942367859698,1.4268975583776777,2.163180960119103,5.628674895449349,0.21794871794871795,0.28846153846153844,0.24358974358974358,0.25,0.23076923076923078,0.1858974358974359,0.21794871794871795,0.1794871794871795,0.1858974358974359,5.2,156,1_013_2025.03.03
4.577272727272727,2.802341848295947,9,0,5.0,0.0017844178841540873,-1.179343302888022,9.0,0.2967672286054703,0.05800277546259488,0.3971698783142203,0.2002684180326256,0.2962118990622229,0.019489412936510284,-1.1462872263784245,0.38982528661552485,-0.5486676113760052,10.23242497924894,30.121951995192678,-28.391841007709893,-0.08426487663791485,0.14183998743706833,0.4239458959093274,15.543252681327912,-0.5789221567827059,10.691631298060564,32.76930946728967,-30.70974383871181,-0.2966778812375148,-0.030309613269439074,0.2944818960594784,15.439512491150824,-0.6219823186699223,5.063617290397045,13.04030502000925,-13.615503555827146,-0.3677114356715307,-0.021087722719272506,-0.30433803728304687,7.349087486474092,0.4954545454545455,0.49997933841607417,1,0,0.0,0.018182569543191317,-1.9996693941648072,1.0,1.075849765117855,1.0656253839549914,6.490994464691791,0.0034000632282783,0.7903509687525965,2.421227596956735,7.532157005969353,3.2024326538465715,0.06363636363636363,0.24410402876541007,1,0,0.0,3.5752268290745204,10.782246879334256,1.0,0.509072277658997,0.5180524413051826,3.336093543012724,0.0021438689210835,0.34759103886599474,2.206326831701872,6.591231870784739,1.3643835897860528,0.47057730430261846,0.2920464091506548,0.9937269990880132,0.0005709296693026,0.4887285355040848,0.014716808884948283,-1.1822781421047224,0.9375273486301623,0.06363636363636363,0.24410402876541004,1,0,0.0,3.5752268290745204,10.782246879334256,1.0,2.0454545454545454,1.400560690557137,4,0,2.0,-0.12056104148628423,-1.2612093125550814,4.0,2.0380031551330924,1.7080876409789143,8.435165973597659,0.0409567673702885,1.5786704736399546,1.0575703910368506,0.6794964870321247,5.3359952531777175,0.2772727272727273,0.2909090909090909,0.20909090909090908,0.22272727272727272,0.2,0.16818181818181818,0.21818181818181817,0.22272727272727272,0.19090909090909092,7.333333333333333,220,0_021_2025.03.12
4.724683544303797,2.867897097284923,9,0,5.0,0.010769826156439977,-1.2573784494212352,9.0,0.30030106783474814,0.058495045213009245,0.3998491355191228,0.2005030840569245,0.2981478045378829,0.019558205492561827,-1.231543395289161,0.39080703558379654,-0.20756236340657716,10.04540719490127,26.948133835681347,-30.48080464226828,-0.10658986749104266,-0.05089402254689523,-0.23909058590088472,16.040420247226162,0.26631534146617203,9.766989427957917,26.40313419154169,-34.56837416787192,1.0698974991852963,-0.28318258155467985,0.2416362601199986,14.81176035142842,0.7196187385658729,4.977749266651832,13.889394550762582,-11.85655891961067,1.0367869492871902,-0.0005283018365448856,-0.10379375012455672,9.107090178027395,0.5,0.5,1,0,0.5,0.0,-2.0,1.0,0.9463701450056349,0.8986306878636394,4.337067494769409,0.0010557655974198,0.6624852064770468,1.4643760752726118,1.9055038961775477,2.9124928638026693,0.0949367088607595,0.2931274981496053,1,0,0.0,2.7637345093601957,5.63822843822844,1.0,0.5381648345172572,0.5493645659607456,3.111080006723437,0.0004361046768353,0.373449228897462,1.965604757237261,4.653172370980458,1.518117659398289,0.5094828173120652,0.29138166088417344,0.9992537616245276,0.0029639585137295,0.5062615569047229,-0.0215465358124047,-1.235978811966529,0.9565290055508967,0.03481012658227848,0.18329861338702005,1,0,0.0,5.075759874249687,23.763338301043216,0.0,1.9335443037974684,1.4359802702839506,4,0,2.0,0.09725562332532328,-1.3210325334843667,4.0,2.0149123458183262,1.9690336746056696,13.83562587007184,0.0097324534169091,1.4606203292568816,1.9024232388248319,5.3497800303278975,5.858256384074353,0.310126582278481,0.2721518987341772,0.21518987341772153,0.20253164556962025,0.20253164556962025,0.22151898734177214,0.18037974683544303,0.17721518987341772,0.21835443037974683,10.533333333333331,316,0_058_2025.04.18
4.610169491525424,2.8598147928211586,9,0,5.0,-0.02151184619090477,-1.240718152761483,9.0,0.29795273141431905,0.05882956212979317,0.3995957940830565,0.2000043269142798,0.29545810050115734,0.07115835875083588,-1.2301307168259992,0.390464953174072,0.33310896529531403,10.444522981011295,34.895663060664724,-28.84543252725417,0.40663463507791286,0.21205458255394102,-0.033525002183224295,18.43773316547783,0.23680808091708339,9.693591473010894,25.74836340517089,-29.83038980123577,0.24341399341026276,0.009708408335416018,-0.0909201732561904,16.394266240036174,-0.4420337167559354,4.866807231464214,12.573272961524973,-13.813654744849078,-0.43476687037048745,0.016817972920542726,-0.33717666888158515,7.861279872326103,0.4915254237288136,0.4999281763983941,1,0,0.0,0.03390317518104036,-1.9988505747126437,1.0,0.9607798682653413,0.9187893232650802,5.399841082774456,0.0144921106178465,0.7601405971167295,2.1541139128554603,6.35037708495377,2.5198005227297804,0.09322033898305085,0.29074096268488886,1,0,0.0,2.7982273791796266,5.830076465590487,1.0,0.5219409114663377,0.5402832126670524,3.3986192277291813,0.0002910813651143,0.3354246857910325,2.028782496749472,5.28899330324613,1.5501868004921635,0.5092819190174132,0.296540925450212,0.9913712164052182,0.001744297300661,0.49527671837830217,-0.015776932826515298,-1.2157128222004396,0.9671709941209624,0.0423728813559322,0.20143837837296125,1,0,0.0,4.543594148646051,18.644247787610624,0.0,1.902542372881356,1.3972710609241372,4,0,2.0,0.0993030311184952,-1.2595632692690346,4.0,2.0271150664526703,2.3408795282729047,12.028652843571248,0.0043084816222751,1.3252916745809775,2.2247926793432677,5.365379188808026,7.0177593789851755,0.23728813559322035,0.2669491525423729,0.2796610169491525,0.21610169491525424,0.15677966101694915,0.19915254237288135,0.2033898305084746,0.24152542372881355,0.19915254237288135,7.866666666666666,236,1_027_2025.03.18
4.5514018691588785,3.023996380541686,9,0,4.5,-0.016568650666951356,-1.3853570760613345,9.0,0.29768113012362096,0.058450620366638756,0.3999076246020017,0.2001954526858021,0.29101844961482015,0.1078100547847563,-1.2267648665100808,0.39041732019395536,-0.7288390048290169,9.74614766986799,35.394225810872186,-31.44533122268779,-0.6303488334739333,0.15123049323976087,0.20676074536043565,15.525571093251116,0.22447902727646427,9.813142679154755,32.05915291240525,-26.37996636423676,-0.10973836220192135,0.2608886825569556,0.16426158337068664,18.137351476372856,-0.04043036664027855,4.793477956684068,16.182333513848825,-16.160700989670392,-0.16565191211496785,-0.04055017329770799,0.08652082714742892,7.508661554254315,0.5771028037383178,0.49401938995923067,1,0,1.0,-0.3121448481796666,-1.902565593754893,1.0,0.9419347506066725,0.9625188503536902,6.992909673673459,0.0028176898484281,0.6494788480099196,2.1731135697745536,6.870190942696814,2.805737122021332,0.10747663551401869,0.3097182725197296,1,0,0.0,2.534712345465357,4.424766674254492,1.0,0.45500264896923254,0.50793736514232,4.77340527399253,0.0016204908914344,0.3055195173528293,2.861054288714307,14.574215578497778,1.3839483213038053,0.5038449722048931,0.289333736488956,0.996524501654658,0.0030240384932094,0.5095157088079392,-0.06634998173427599,-1.1713062502425895,0.9518497648331942,0.053738317757009345,0.22550057862820672,1,0,0.0,3.957964852753333,13.665485775630703,1.0,2.086448598130841,1.3907247840345485,4,0,2.0,-0.09204246303776731,-1.2520999687862555,4.0,2.0128292522246385,2.0768952599073733,15.82357151466699,0.0103961354469025,1.429716997812016,2.2934777090554834,8.21163853296708,5.89739534332569,0.2336448598130841,0.27102803738317754,0.2803738317757009,0.21495327102803738,0.22897196261682243,0.1822429906542056,0.17990654205607476,0.21728971962616822,0.19158878504672897,14.266666666666667,428,1_006_2025.01.20
4.357466063348416,2.938864388825576,9,0,4.0,0.03243630043930793,-1.2810805456799506,9.0,0.2988520956065916,0.05701401349770427,0.3999062635891769,0.2005334822389328,0.2950003951299871,0.03086052349416669,-1.0953949155227607,0.392617115553301,0.44219453319111435,8.95723068293689,23.02548324571199,-22.86992162471861,-0.2352241764565916,0.1256909150385552,-0.4316354412552661,14.87304482085553,-0.13448845623429065,10.767481924802402,23.3044811803631,-23.121281481596213,0.7839903150537664,-0.026972151305221036,-0.6793576469440379,17.151161141412942,0.21018912509168514,4.741507971315305,15.332764725526534,-16.25026512349407,0.4711190616517786,-0.0683368843902347,0.4097607480193637,7.488717177552331,0.46153846153846156,0.4985185152621431,1,0,0.0,0.15430334996209166,-1.976190476190476,1.0,0.9915915422580885,1.074018555964891,6.108992624121829,0.009054488669865,0.6232095794392803,2.087571254261235,5.387472998854474,3.017101185010296,0.12669683257918551,0.3326330488595313,1,0,0.0,2.2445344423876405,3.0379348630643976,1.0,0.4711626224235179,0.4931376448529881,3.0472403556424643,0.002238214400506,0.2961919786338157,1.9287625244510838,4.571135054078211,1.5093844020281093,0.5251432970776025,0.28992236664701804,0.9992933964344016,0.0014265607002904,0.5545746128559247,-0.1709000989744967,-1.2020904716945804,0.9559149331732392,0.05429864253393665,0.2266060457112926,1,0,0.0,3.9337110893670433,13.474082934609239,1.0,2.063348416289593,1.3934447730784538,4,0,2.0,-0.11306565482651258,-1.2371718011192399,4.0,1.910582122490491,2.0225576206283,13.796985125103658,0.00283052770563,1.22027934015094,1.998766347793398,5.922407277725592,5.782087829302342,0.248868778280543,0.19909502262443438,0.27149321266968324,0.28054298642533937,0.22171945701357465,0.19004524886877827,0.18099547511312217,0.16289592760180996,0.24434389140271492,7.366666666666666,221,1_021_2025.03.12
4.6880733944954125,2.756245888019585,9,0,5.0,-0.012184396949402949,-1.1192011001775024,9.0,0.3043907884541032,0.05711203397269282,0.3998363053757072,0.2004877523305822,0.3075827710115033,-0.11489076053008548,-1.1599374048290916,0.39203564353640913,-0.43657491868585746,9.649474123952164,26.773161573123136,-26.085656842245942,-0.1907069200774407,0.011457611940619694,-0.32202177221683215,14.420524811684833,-0.05767007559775454,10.324024572674404,23.17822920423531,-36.85918478090865,0.2555861671249285,-0.24798762596341886,0.14669570246958896,17.198838217702516,-0.10304692774796939,5.119392281934096,12.49337416458606,-16.78777852464271,-0.3112819611673382,-0.021157810078930993,-0.0654926289037272,8.914726590892668,0.45565749235474007,0.49802986056634196,1,0,0.0,0.1780716826691283,-1.968290475831385,1.0,0.8851331930768812,0.8351521105183578,4.945171202264007,0.004681850303563,0.6181358681993513,1.7327069942737965,3.553622114383347,2.4810940517194675,0.1162079510703364,0.3204741224785095,1,0,0.0,2.3951515708130233,3.7367510471680925,1.0,0.4942053111296026,0.45798673763017256,2.3013255657632348,0.0062397278706999,0.3619943208697908,1.4793494539648777,2.135247532747889,1.432310854754894,0.4925378443457216,0.29090475369615365,0.9943870473586004,0.0009602818531703,0.5026657002058966,0.028360708766961548,-1.216821777165531,0.9544324210139769,0.05504587155963303,0.2280697778835973,1,0,0.0,3.9019122355392772,13.224919093851128,1.0,2.0336391437308867,1.470016298791417,4,0,2.0,-0.06384909299393929,-1.3790822050668001,4.0,2.0472406315263596,2.1577482603843268,14.298328954349378,0.0092925156864453,1.4119279838201253,2.1393267896328627,6.0554440202157345,6.39266563079149,0.23547400611620795,0.22629969418960244,0.2599388379204893,0.2782874617737003,0.1743119266055046,0.23547400611620795,0.18960244648318042,0.22324159021406728,0.17737003058103976,10.9,327,1_025(1)_2025.03.17
4.51063829787234,2.699663812210477,9,0,5.0,-0.11355145876330278,-1.0931230991497907,9.0,0.3033462501200105,0.05842915054003211,0.3997848285986755,0.2028050878633412,0.306618333323143,-0.05488982680919422,-1.323748407635258,0.3902940309154169,0.5506738978352141,10.061598516583835,27.125123533053213,-35.764237628083194,0.066828314807958,-0.015538233525865808,0.5635989436701534,16.151555606221798,0.31505856162501733,9.778996603012537,24.31883591578235,-25.29419258686368,0.9164173629625494,-0.04837091629098789,-0.2918085589852022,16.74641748513105,0.506415198647505,5.021196662793367,13.591117169109532,-12.022359788970627,0.1161053379890974,-0.049998500294039475,-0.24136503592454206,8.668169820628815,0.5276595744680851,0.49923436173829666,1,0,1.0,-0.11080797552386619,-1.987721592560302,1.0,0.9725878052171502,0.9355720413531143,5.567733898705501,0.0110127531137925,0.7205905327374938,1.8542694279272962,4.140422054943598,2.842156238471451,0.11063829787234042,0.3136837020252275,1,0,0.0,2.4825115210884996,4.162863452337137,1.0,0.5323890249932225,0.5041527242105955,2.825315596897994,0.001311117596291,0.4084551421653477,1.6795077337583144,3.530794719447691,1.6045045192026977,0.5137862274731319,0.28730379263281647,0.99555738349837,0.0035482993201345,0.5338647962421315,-0.1487168753780378,-1.1460620038957452,0.9452469097739499,0.059574468085106386,0.23669674868380225,1,0,0.0,3.7214328829100047,11.849062702003865,1.0,1.9148936170212767,1.4444285807380284,4,0,2.0,0.0555313230555901,-1.3654365236126624,4.0,1.7811939856214254,2.0051821218442965,12.97383071646586,0.0046525959893594,1.0662147277623857,2.3965183951593496,7.975346034366087,5.391359934200329,0.2425531914893617,0.251063829787234,0.2765957446808511,0.2297872340425532,0.18723404255319148,0.2297872340425532,0.17446808510638298,0.2127659574468085,0.19574468085106383,7.833333333333333,235,0_036(1)_2025.03.28
4.324074074074074,2.8425624319789735,9,0,4.0,0.07696062717922689,-1.2247823983477792,9.0,0.2977009336632097,0.05510128819183681,0.3997922160480603,0.2017151994761422,0.29279609774116633,0.09027641941529961,-1.1781616248449938,0.3857191316454865,0.12653267179447783,9.739316655991567,21.446819427042783,-35.378588238450284,0.7101131960111384,-0.2987775086665743,0.006289245093272111,15.87797359316463,-0.05661486705936717,9.96710708565947,28.764387565845773,-25.26232287143596,-0.17012469321826718,0.11489420179387508,-0.11422002421555177,15.408380730023937,0.4380243611908478,5.355815457864043,15.57393542437383,-12.0270372713035,-0.03044980316099035,0.3046374526199592,-0.32610574247110025,10.23544562846225,0.5092592592592593,0.49991425876641077,1,0,1.0,-0.03704338932883212,-1.9986277873070335,1.0,1.056464403775738,1.1019573722034832,5.340453078807471,0.0079915096054595,0.7343206197829795,1.7956179689478375,3.4162987620912206,3.295505731763541,0.08796296296296297,0.2832410282952302,1,0,0.0,2.9094445781178213,6.464867753139185,1.0,0.5674173782237631,0.6158198305514688,3.2694220533964238,0.0019719357223663,0.33015801619982804,1.8745242140398144,3.617979037663612,1.8623212597137728,0.5069681875649913,0.29143603074542407,0.9989531903962868,0.0024558982018937,0.5550439811021605,-0.09559342183650682,-1.280686501422957,0.9399359583748818,0.06944444444444445,0.25420840580171006,1,0,0.0,3.387421861190549,9.474626865671642,1.0,1.9861111111111112,1.4157813137610842,4,0,2.0,-0.004828082766239703,-1.2988355288954447,4.0,2.030309959802693,1.9948110893794349,10.480166365157425,0.0085357115536535,1.3283937519719546,1.72626425460594,3.1840745569043563,6.351976735648387,0.2222222222222222,0.2361111111111111,0.27314814814814814,0.26851851851851855,0.19444444444444445,0.2175925925925926,0.23148148148148148,0.14351851851851852,0.21296296296296297,7.2,216,0_059_2025.04.11
4.60248447204969,2.8231800853421203,9,0,4.0,0.03489576554990813,-1.172323716147044,9.0,0.2951754725326421,0.057961552156383205,0.399921805414749,0.2003832386264782,0.2947514882260681,0.11076383571329457,-1.1455244806583664,0.3934930640933315,0.2796387922693476,10.271102993401396,31.60331531375877,-29.494810493984684,0.118498927429181,0.05091027171460216,-0.1484018803040721,17.580616960849273,0.07446013890612455,10.16427558353914,27.133133906187584,-31.42459736918464,0.0286910848784315,-0.0816900677178082,-0.23878482108476717,16.62214790395167,0.08699504745257433,5.064824160176169,16.764751914853864,-14.45761633089729,0.0720060858367952,0.05086424781375236,-0.0010894517584940644,8.43691444062944,0.5134575569358178,0.4998188613501087,1,0,1.0,-0.0538497362803252,-1.9971002059025393,1.0,0.9097848797118357,0.8528873395585397,5.699758568226211,0.0049523753953978,0.632609555512041,1.7709675492290842,4.395225481448183,2.6082599003389886,0.10351966873706005,0.3046364175892787,1,0,0.0,2.60297396089714,4.775473441108547,1.0,0.4810331341759341,0.45781400241616127,3.029483950459671,0.0021139842122772,0.3468132244615818,1.7394196341750954,4.139921661703146,1.4440891519434285,0.5017694015455413,0.2928637556461338,0.9993137855709094,0.0036112847282009,0.4941309886650146,-0.011849272800832807,-1.2410632817168996,0.9457131481682604,0.051759834368530024,0.22154176562145647,1,0,0.0,4.046552255048541,14.374585152838435,0.8999999999999773,2.0269151138716355,1.42924939654171,4,0,2.0,-0.07281170727058095,-1.3161530090567493,4.0,2.128667587108887,2.1233667548966344,13.643581848950332,0.0159728323084562,1.514640185188863,1.7083691179676221,3.446280648051819,6.450832558974874,0.2608695652173913,0.2546583850931677,0.2567287784679089,0.2277432712215321,0.18219461697722567,0.22981366459627328,0.2028985507246377,0.20082815734989648,0.18426501035196688,16.1,483,0_029_2025.03.20
4.482608695652174,2.883559420895888,9,0,4.0,-0.004663942854086578,-1.2136110186642313,9.0,0.30167661607132334,0.05714587026476595,0.3993662504851359,0.2001625835414064,0.302321089082388,-0.03947071796282219,-1.2173442178604188,0.3875251582336267,-0.2407430788737143,10.173293850642262,30.73596376509564,-30.917202191180216,0.17349194081478594,-0.11722144052284322,-0.24877464782876713,15.114071338984115,0.09025747226134366,10.436760703719393,29.00615029407934,-29.37027417863792,-0.3318967952870497,0.010778674007353975,0.050462662390056146,16.84328719833475,0.26524137067669296,5.048174228756325,13.353062709991509,-16.633960286690936,0.5761648569517932,-0.20900246119218707,-0.09859071084891369,8.058359932368797,0.5065217391304347,0.4999574651094976,1,0,1.0,-0.026089175922221205,-1.9993193548996993,1.0,0.9804042746383073,0.9365963646500823,5.782421819207577,0.0071059272730514,0.750348795344445,1.8874436107258994,4.778027543490547,2.8074261190332552,0.1108695652173913,0.3139705475453038,1,0,0.0,2.478770303934065,4.1443022196653745,1.0,0.5147812185292999,0.5017720201244487,2.4771373981692686,0.0025332102149474,0.36890036560175354,1.5838691564615148,2.473153308300123,1.5279344246332798,0.4602105375047807,0.2856963895899324,0.9990101617547048,0.0002054577597331,0.4532062578349755,0.1427049449190519,-1.124614316539279,0.9365621275529098,0.05,0.21794494717703364,1,0,0.0,4.129483209670113,15.052631578947377,0.049999999999954525,1.9739130434782608,1.4383618070884452,4,0,2.0,0.04126615974073998,-1.3391957392738782,4.0,2.0281795541964924,1.849958980954208,12.50155709736669,0.0030492987872686,1.5437101793550947,1.7668352665105607,4.497021018284352,5.7453456048200255,0.2565217391304348,0.25869565217391305,0.23043478260869565,0.2543478260869565,0.19782608695652174,0.20652173913043478,0.20652173913043478,0.18043478260869567,0.20869565217391303,15.333333333333334,460,1_010_2025.02.06
4.624649859943977,2.8133849152441814,9,0,5.0,-0.031602959224589444,-1.236100244404043,9.0,0.3006504321496469,0.057112638103195064,0.3998928723838595,0.2012247223737948,0.2950021939935348,0.029915616458832298,-1.1817280040058797,0.39066833800279555,-0.5028246135640837,10.015617360529712,28.940741339865383,-29.93174504932778,-0.7750008570944529,-0.0021981653598631625,-0.0360290273528685,16.014347022480038,1.0107292661580427,10.181161997470001,32.45132243806591,-31.375154213235973,0.3154256876584326,0.1235993898575362,0.09102610755886742,18.316726103656578,-0.2725529598022402,5.1075831761470285,19.056875771420035,-12.291960897210515,-0.2651623780705513,0.16477390810496265,0.3693970960359243,8.001927195278524,0.5042016806722689,0.4999823455678493,1,0,1.0,-0.01680731613632024,-1.999717514124294,1.0,1.0586502371805546,1.0563466678609645,7.631023263901148,7.464264501290784e-05,0.7095574961592735,1.988704269941325,5.484881101760676,3.168949055613977,0.10364145658263306,0.30479485733860934,1,0,0.0,2.600821725656846,4.764273648648654,1.0,0.5328206759173124,0.5666965845674056,3.5475214376346944,0.0004544654955563,0.3527143324772158,2.0419421498708714,5.208511974360375,1.7731753041870448,0.5069420880520367,0.3022624695255234,0.999808290598362,0.0002976268466791,0.4943038508695279,-0.002279451918825837,-1.286155107364202,0.9703821272700126,0.05042016806722689,0.21881036245868127,1,0,0.0,4.109310243637743,14.88643067846608,0.19999999999998863,2.0280112044817926,1.4079803442287124,4,0,2.0,-0.04965610231526433,-1.2621316312495605,4.0,1.949265208165014,1.961571269428778,11.255284646607173,0.0023110000075793,1.4038320520770335,1.8127027411235912,4.018521351238598,5.783061797510254,0.2549019607843137,0.2605042016806723,0.21008403361344538,0.27450980392156865,0.17366946778711484,0.18487394957983194,0.23809523809523808,0.17086834733893558,0.23249299719887956,11.9,357,0_028_2025.03.18
4.451923076923077,2.9641440835305213,9,0,4.0,0.06703075249724752,-1.2790230819840367,9.0,0.29813428373295153,0.05912059333345524,0.3976670533880148,0.2004057136933088,0.3025782372242057,-0.0032875078474803665,-1.2544953444577724,0.3909363026493517,0.7364049917696872,9.47262939154765,22.19859660965509,-30.46809840710836,0.8350448993848747,-0.17778106268522303,0.0820012529771379,15.845312280700327,0.4148548859589762,10.221633749051568,30.31005078392667,-33.57341651286302,1.0874858853059832,-0.07690726744518132,0.5246933087580863,16.208290801672565,-0.0599944908502306,4.808062047212521,12.049401990099932,-11.179449617942833,-0.6731208563812163,0.4000217040894034,-0.3412659400162079,8.685832294976814,0.5432692307692307,0.4981242552502729,1,0,1.0,-0.17372866433693704,-1.9698183511877037,1.0,1.0011794673684538,0.9300211752601337,5.309095579395042,0.0032792448306532,0.7285123335215336,1.4980209017777477,2.553313247999567,2.7851428547131944,0.07692307692307693,0.26646935501059654,1,0,0.0,3.1754264805429404,8.083333333333332,1.0,0.4683101248907928,0.45342465675783267,2.649118918628353,0.002172286804423,0.3747446561659868,1.8508991462979156,4.470556780322356,1.2480778589971728,0.5150081920520515,0.29096575888223075,0.989775769119006,0.0006045667234965,0.5218511749991771,-0.12922642270889972,-1.1297364248762745,0.9507714597583503,0.03365384615384615,0.1803365320529909,1,0,0.0,5.171954329354858,24.749111584932468,0.0,1.8317307692307692,1.4058780737617411,4,0,2.0,0.12374798648266187,-1.2288864323279682,4.0,1.804274040107169,1.7844964271354273,8.453049616997973,0.0151013761180767,1.2683438711714854,1.3917219494898896,1.54452356704373,5.6360301790087215,0.2980769230769231,0.22115384615384615,0.27403846153846156,0.20673076923076922,0.18269230769230768,0.20192307692307693,0.21153846153846154,0.15384615384615385,0.25,6.933333333333334,208,0_035_2025.03.27
4.4281984334203655,2.8162969673214078,9,0,4.0,0.022397622822690547,-1.2040080589963047,9.0,0.29777163402480145,0.05697353530848422,0.3989229807631874,0.2003561438686067,0.2919316758115223,0.09818234098592263,-1.2245515746273612,0.3889811371552154,-0.14212304609432647,9.801684612080374,31.0759870831478,-28.456645315104996,-0.4681477821226187,0.1757273500955107,0.18324725168080658,16.11089901023355,-0.07313151680041391,9.677805566738838,36.95629171983792,-33.4470142686805,0.2670560246317577,0.05121182444321864,0.40662000006099985,15.005284671189708,0.07666426222570856,4.941505230819248,16.032629189494713,-14.4493829396958,-0.0974574419608971,0.08498721165538939,0.17955935578040982,8.670114082797268,0.5091383812010444,0.49991648301393743,1,0,1.0,-0.03655963150464723,-1.9986633933442444,1.0,1.0000250449171755,1.0287929059465388,7.361520646093561,0.0058702909943374,0.6748012390991267,2.130421877282572,5.9737605160644325,3.1467763334165357,0.09399477806788512,0.2918214518568745,1,0,0.0,2.7825591254425146,5.742635286583411,1.0,0.5238890678333608,0.5067204890302335,3.4873569566406726,0.0003359531740169,0.3936041817316333,1.9962499125291446,5.77365400893888,1.4210884006205171,0.49861478946632953,0.2919810965735309,0.9950807358189278,0.0027452786130909,0.4729068184591887,0.0923816011559299,-1.2204672638193679,0.9581718260815599,0.06005221932114883,0.23758356482668047,1,0,0.0,3.7035203255730025,11.716062801932365,1.0,2.0052219321148823,1.441631614923946,4,0,2.0,-0.014352526821820739,-1.3508413623677524,4.0,2.081094712849027,2.0723051077598913,15.276920770579943,0.0003248746656706,1.4474275628554267,2.397514092656082,8.71653759450236,5.924758625582728,0.26631853785900783,0.2558746736292428,0.26370757180156656,0.21409921671018275,0.2245430809399478,0.195822454308094,0.206266318537859,0.21409921671018275,0.15926892950391644,12.766666666666667,383,0_015_2025.03.06
4.61986301369863,2.9474883634151348,9,0,4.0,0.01070453091500651,-1.315205361559616,9.0,0.30185557054819295,0.056228769714002924,0.3988530832110225,0.2000673190617431,0.3000533099478345,-0.06122833406528399,-1.133610814474705,0.38825040593206633,-0.6474000905468911,10.548707351871078,29.477513193038227,-31.38007633431946,-0.9291163206351783,0.04721449632128524,-0.1313224521688281,16.992514167878277,-0.424350541452798,10.254694879734538,25.29961070475585,-31.7095654652504,-0.28078318400145824,-0.18680015185498483,0.1355086158825558,16.112496302196455,0.5360867522809303,5.393079887604157,15.712934043667836,-13.24817392697616,0.18355658065540426,0.09788323757538836,-0.050079338097807735,9.321370516949992,0.5376712328767124,0.49857885857058615,1,0,1.0,-0.15111444149362815,-1.977164425572069,1.0,1.0490963215862008,1.0277257466437697,6.57331147486199,0.0027018788075705,0.7484274757506864,1.9070985883103255,4.7153635266106555,3.1389647563948873,0.11643835616438356,0.3207498486018656,1,0,0.0,2.3916559618503004,3.720018239854081,1.0,0.5303093664789053,0.5083140482454097,3.166677033330147,0.0001220761961092,0.3620309185650506,1.5975190065045826,3.1552736758326434,1.6066130386939657,0.5117074250074405,0.28834077923048024,0.9992858970019196,0.0071621805474949,0.5112469822705146,-0.03788637117965121,-1.196620924543119,0.949485649741363,0.04794520547945205,0.21365032822578384,1,0,0.0,4.2317257200075105,15.907502569373086,0.0,1.9931506849315068,1.4166165331350562,4,0,2.0,-0.060183129170627764,-1.2784546047271055,4.0,1.9687385332645295,2.0133873409298912,14.785372935671178,0.0004481206060693,1.3741636464209857,2.3038100047486854,8.522039212582929,5.344647177058451,0.2602739726027397,0.2602739726027397,0.2568493150684932,0.2226027397260274,0.18493150684931506,0.21575342465753425,0.21232876712328766,0.18835616438356165,0.19863013698630136,9.733333333333333,292,0_014_2025.03.06
4.501052631578947,2.9094218900104574,9,0,4.0,0.023288303922683082,-1.209835097837087,9.0,0.301235977820254,0.05550392231841239,0.3992126977470024,0.200835626112669,0.3042643040290195,-0.04970847159902841,-1.069080816064164,0.38893674621908453,-0.4386889103935842,10.518604474031665,26.360630782600293,-36.88082508161831,0.4123049196854672,-0.15289827077633844,-0.1678667860035028,17.381467648752125,-0.6598054590531808,9.790346534944346,29.212694717869283,-32.45819856386943,-1.1158752549726665,0.10948337396892859,0.08878009016853916,14.41926327112358,0.024085400587300684,4.994392945882205,16.697685026110804,-16.532453381657955,0.1170426980770812,-0.05177665540116176,0.27124428996308225,7.39904559513119,0.5031578947368421,0.49999002760138234,1,0,1.0,-0.012631830886674434,-1.9998404368484506,1.0,0.9998732234166132,0.9727140642077293,6.384834265266853,0.0014156399162206,0.7243146354750328,1.6839656617475691,3.5431402787612036,2.9571719661244513,0.12842105263157894,0.33455804559534386,1,0,0.0,2.2213122790527944,2.9342282410707208,1.0,0.478874819674775,0.4595882051485809,2.793134898043316,8.507119061248642e-05,0.3351165424757328,1.459899206179082,2.3899751408356034,1.3868315262800595,0.4840464722503326,0.2952839727886973,0.9998516414197924,0.0008265564067204,0.4765083738132654,0.0315018416803387,-1.1601789777303575,0.9535135797229869,0.05052631578947368,0.21902832511393605,1,0,0.0,4.10425166678068,14.844881744271987,0.2999999999999545,1.928421052631579,1.4064260908524382,4,0,2.0,0.05443623388962779,-1.2966320789723467,4.0,1.9988638741577305,2.0192759389380743,15.843035652376432,0.0011972062755172,1.3731438709111043,2.1428953384616647,7.3696796251928145,6.020366682519415,0.2926315789473684,0.21894736842105264,0.2694736842105263,0.21894736842105264,0.1831578947368421,0.1936842105263158,0.2,0.21263157894736842,0.21052631578947367,15.833333333333334,475,1_032_2025.03.13
4.587234042553192,2.8665062893575186,9,0,4.0,0.01420606975903929,-1.2468610853275104,9.0,0.2982921871892361,0.05583340604528653,0.3979361017209714,0.2000220199009366,0.2996957414628417,0.026644137262960495,-1.0960891557452703,0.3888350597956899,0.8966161372290695,10.848701243937542,27.41628233444451,-27.510031506600576,1.4410499577344438,-0.006908763474871227,-0.41874472046451094,19.535051847284226,-0.30170659140306816,10.58431832006846,29.123420572462265,-28.40935900773975,0.1040767473636906,-0.07354223015145128,-0.34564693056241413,16.28382441894669,-0.02649242479340028,4.803476891050877,13.644236177439112,-19.36568531100592,0.0583399893630681,-0.4581145713779717,0.7385567165918783,7.065964957509256,0.502127659574468,0.4999954730442419,1,0,1.0,-0.008510715353135865,-1.9999275677241781,1.0,1.0080372542563276,1.0308205922020726,6.145686822446743,0.0031232744287382,0.6800034929978312,2.045190885455585,5.176881997677826,3.047496137014721,0.09787234042553192,0.2971419617037632,1,0,0.0,2.7066366343463173,5.32588187038556,1.0,0.5250532386463841,0.5240526409961134,2.625550889460253,0.0021331640956299,0.3347721869418019,1.6559766469794794,2.525192780086239,1.7165599782604275,0.48235117653716975,0.2788496057180902,0.989225085863116,0.0024806887169326,0.4447618814506167,0.13801836023436412,-1.1472282102269453,0.9299252317377587,0.06382978723404255,0.24444947432076716,1,0,0.0,3.5685919470918064,10.734848484848495,1.0,1.9787234042553192,1.412548047793271,4,0,2.0,0.04670092072660286,-1.3044107513525076,4.0,1.9005069791800906,1.8755882143072864,9.44072347500563,0.0193452825721931,1.3584948860841457,1.572896860510643,2.467521010202888,5.8263459465655405,0.23404255319148937,0.225531914893617,0.28085106382978725,0.25957446808510637,0.1829787234042553,0.225531914893617,0.19574468085106383,0.20851063829787234,0.18723404255319148,7.833333333333333,235,0_034_2025.03.26
4.555555555555555,2.772077484531577,9,0,4.0,-0.014980032706134523,-1.0764701094348261,9.0,0.2979244423532143,0.05754578737212378,0.3981964792910091,0.2009602312653209,0.29851193563107936,0.10210945299318973,-1.2164235011275606,0.3928303288808663,0.12680702660237442,9.71505303504894,35.99627224686084,-28.69621526852625,-0.3272898595817552,0.08211927918307704,0.1217192563137166,15.071732326015706,0.36687924472533745,10.059152977178426,30.380079730263763,-25.89611031690059,0.06525463798111605,-0.04090139154396139,-0.14257127821348092,17.54869102100922,0.32938055799299126,4.796615285419372,14.733055330804245,-12.137564382204314,0.11615305586806585,0.38261716218151864,0.12866391179404868,8.60066186493938,0.5,0.5,1,0,0.5,0.0,-2.0,1.0,1.04611641641815,0.9971785591507516,5.2323275072354845,0.001139435031567,0.7371335009291164,1.5858928854626715,2.77757719105146,2.8806857675581727,0.07291666666666667,0.2599996661322643,1,0,0.0,3.2852606288815154,8.792937399678976,1.0,0.5117720907439858,0.5540419705777314,3.032194240362101,0.0020831832886549,0.3269492498707578,1.9385822637453352,4.005737797204464,1.688814638541617,0.5069221778279067,0.2834926305110161,0.9980725768591976,0.0003994026460322,0.5069164366384558,0.006889212667746052,-1.1904339252639349,0.9471553029327371,0.06944444444444445,0.25420840580171006,1,0,0.0,3.3874218611905498,9.474626865671649,1.0,1.9166666666666667,1.4766704288891124,4,0,2.0,0.0918388481271857,-1.3991338391009782,4.0,1.9160523775061225,1.9104049109298675,9.107265653729115,0.0027102342143805,1.258085650557959,1.5100227095314662,1.9478499891653556,5.977659544279958,0.2534722222222222,0.2673611111111111,0.2152777777777778,0.2638888888888889,0.21875,0.19444444444444445,0.21180555555555555,0.16319444444444445,0.21180555555555555,9.6,288,0_026_2025.03.18
4.348591549295775,2.8361905594487213,9,0,5.0,-0.020078138623810568,-1.1864443511650682,9.0,0.2989964383064291,0.05969829593973667,0.3999714779710287,0.2001372105383059,0.2996417464986072,0.05368223217585037,-1.239494236100834,0.3937046792018217,-0.39727173238726626,9.863646195418141,25.765481901351706,-29.475586008384724,-0.34498041770276844,-0.044567074682150765,-0.25607525565202227,15.273409325074885,0.024951959169728682,10.04058870124497,24.422642371259982,-39.18471040542403,-0.38578699739419536,-0.07371738503488011,0.20035200110967244,16.958206154276937,-0.013521787596045515,5.219528506328168,16.935777462498052,-13.297940995690904,0.00705749178159415,0.18064387466589513,0.08380937005814992,8.903343699549806,0.5176056338028169,0.4996899455246235,1,0,1.0,-0.07046623195242706,-1.9950345101544273,1.0,1.0893497103335803,1.191453708750892,8.280447060613367,0.0060785489526079,0.7247164597421829,2.2849764518105147,7.102565848636621,3.1471151854955504,0.09154929577464789,0.2883886652034263,1,0,0.0,2.8326404849319253,6.023852116875375,1.0,0.509958372359465,0.5083794876829792,3.453756337971259,0.0016980800517023,0.37313707931933593,2.2689096331931258,8.017189245320845,1.283788408787225,0.5264503444954585,0.2856443414778748,0.999203032814402,0.0002299873423387,0.5558902369870249,-0.1360400710735882,-1.2156161748375043,0.9602891037539756,0.056338028169014086,0.23057331751753382,1,0,0.0,3.8483374972236133,12.809701492537306,1.0,1.982394366197183,1.4666623648142836,4,0,2.0,0.0036473452580876695,-1.4034372066309755,4.0,2.0138521388158965,1.8033298931040047,9.066876388704294,0.0127096786907058,1.6766233807956645,1.5466366338259556,2.767655670325974,5.8314773986050445,0.25704225352112675,0.24647887323943662,0.23591549295774647,0.2605633802816901,0.20774647887323944,0.20774647887323944,0.1936619718309859,0.1795774647887324,0.2112676056338028,9.466666666666669,284,014_2025.03.06
4.661764705882353,2.9369700312132094,9,0,5.0,0.01440245638480506,-1.3373057155432917,9.0,0.3052887020724752,0.056798208274238586,0.3993297595211838,0.2002685652986956,0.30422113537304163,-0.09312778684106596,-1.102112342564966,0.3938272634426532,1.7893779298196624,9.611708473371433,27.34171474647072,-24.66140413232204,1.4726536177852783,-0.020007125638657086,-0.41343932529897076,16.298913995602753,-0.16207719415758373,10.351381771215033,36.63647354103988,-23.51874715526577,-0.024079889787558956,0.35628079861725803,0.17195412708173796,16.70787794320376,-0.3285597890161337,4.95995022381235,11.82070304183811,-13.322664567238276,-0.4822193627346133,0.014571933440839758,-0.20713362365222343,8.131474932829088,0.5147058823529411,0.49978369023430663,1,0,1.0,-0.05884898863364968,-1.9965367965367962,1.0,1.057053843558429,1.1754882887589377,7.340069219301906,0.0011317861534818,0.7302088715351243,2.388012995895308,7.732402132939734,3.1365869817433496,0.08333333333333333,0.27638539919628335,1,0,0.0,3.015113445777635,7.090909090909088,1.0,0.49063680147147437,0.48687632561837746,2.9211791590970155,0.0006576520748349,0.35056424607998427,2.0586688870246515,5.582376677494871,1.3814276837870847,0.4941581801705056,0.2872607825200046,0.9993798456672311,0.0020871801811416,0.510315802180926,0.00761903445951806,-1.2363171722591095,0.9320820322625568,0.049019607843137254,0.21590897593671807,1,0,0.0,4.177504804515797,15.451546391752565,0.0,2.073529411764706,1.5079805006403162,4,0,2.0,-0.0992231556099339,-1.4279516728700181,4.0,1.9194398170161748,1.7865688799311468,9.655439082890648,0.023078991243853,1.456687629248146,1.5813124712596043,2.7327351424094415,5.719584127590476,0.25,0.25980392156862747,0.23039215686274508,0.25980392156862747,0.22058823529411764,0.20588235294117646,0.12254901960784313,0.23039215686274508,0.22058823529411764,6.8,204,0_044_2025.04.01
4.469613259668508,2.805955459068661,9,0,5.0,0.05165177763730649,-1.2119327380357505,9.0,0.30183991216894135,0.05677498789144383,0.3993613676314508,0.200461657284702,0.3021492883223152,-0.006941491083747885,-1.0779203829789394,0.3924740179617959,0.3866316699843325,10.503750498093748,31.26643055317976,-32.09758158862119,0.6517049931499421,0.11595472948371344,0.39795608556589457,17.776148562324188,-0.12222751407231078,9.87406412853199,22.35297340254785,-30.081067225309155,-1.070462896678099,0.0035616638968434334,-0.2355673187440801,15.545887584060168,-0.28275331117083763,5.316778970104303,13.195605350876685,-17.88889468005078,-0.583860801459039,-0.190126324548357,0.15387061442991978,7.451632980561733,0.5414364640883977,0.4982800612545628,1,0,1.0,-0.16631796979421387,-1.9723383329235311,1.0,1.0458981565158616,1.0232772762946833,5.3677541820371495,0.0037297405361329,0.7326148079812795,1.525013873702341,2.2349932839841475,3.151721562480708,0.09944751381215469,0.2992619351149357,1,0,0.0,2.6769357488382717,5.165985003408318,1.0,0.5284053942023995,0.46451201907144685,2.4988927701843227,0.002086891142664,0.4261381880282556,1.5475275461922047,2.9383279389760677,1.3832377217493528,0.5211899652431206,0.2945568410680274,0.99964811308299,0.0020208048224114,0.5035308573306636,-0.08131312348827939,-1.2402497364524938,0.9511587321107096,0.06629834254143646,0.24880287843530832,1,0,0.0,3.4863073947219703,10.154339250493097,1.0,1.9502762430939227,1.4191906614808683,4,0,2.0,0.0877574172399592,-1.3212419331324246,4.0,1.7444371604437985,1.5890727284200628,7.110429404336008,0.0290589906045562,1.2074736088116107,1.2384996411423674,1.0011440934064577,5.281536058676235,0.23756906077348067,0.287292817679558,0.2265193370165746,0.24861878453038674,0.16022099447513813,0.16022099447513813,0.27071823204419887,0.22099447513812154,0.1878453038674033,6.033333333333333,181,001_2025-01-27
5.137931034482759,2.8453325918883627,9,0,5.0,-0.24633625619533392,-1.093767440677,9.0,0.31092268640808995,0.05764172523179398,0.3993812950101326,0.2002452206015313,0.321471589077,-0.27739865212733184,-1.1736544790106611,0.3921336338122967,-1.140228872050571,9.764984050733679,25.22616612571541,-27.115001343563783,-1.6194364462482145,-0.11631206900211531,-0.14215062000695156,14.55977703531492,-0.018070433393754994,9.349444666108685,24.22000063683792,-24.56928602403589,0.2578504137439512,-0.10584302088966811,-0.4258389586108646,14.825479007566056,0.06885944480290959,5.137743680836415,15.04372049702678,-14.103969967130292,0.2043257031126436,-0.04161710038963613,-0.3021558272676077,8.079163178004423,0.5019157088122606,0.49999633004627797,1,0,1.0,-0.007662891493956613,-1.9999412800939511,1.0,1.0358386383198044,0.9042437568139856,5.62187627876262,0.0046378492715857,0.787503431719486,1.470216003641231,3.1951160385900454,2.748313471396969,0.09578544061302682,0.2942967719489888,1,0,0.0,2.746986021695383,5.5459322033898335,1.0,0.546150740486013,0.5969691859959815,4.436115943981517,9.080692955857653e-05,0.3558483748823844,2.6615984541264144,10.771149553991641,1.5380983602397258,0.49155153112108335,0.28262021018847305,0.9979410140161123,0.0020106072276381,0.4660401060125141,0.05801122727183908,-1.107504815168146,0.9361402657953172,0.05363984674329502,0.2253056004289526,1,0,0.0,3.9622641639346137,13.699537304800458,1.0,1.9425287356321839,1.4062503211197355,4,0,2.0,0.06894120104112275,-1.2695204963890898,4.0,2.0461072490740526,2.2222546318346024,15.350287059203849,0.0063349969525959,1.3553545771276871,2.1492289658720583,6.583968878034149,6.212718800262022,0.24521072796934865,0.24521072796934865,0.25287356321839083,0.2567049808429119,0.18773946360153257,0.16475095785440613,0.24521072796934865,0.1724137931034483,0.22988505747126436,8.7,261,0_053_2025.04.14
4.5646258503401365,2.8880896098815754,9,0,4.0,-0.009709991399825398,-1.2882688209919737,9.0,0.3063787630552184,0.05554290871844563,0.3990904876950921,0.2053021739124396,0.304146858573573,-0.052660409364006455,-1.1249602445741247,0.3901621853697772,-0.36619860783790326,9.029525954755414,23.54690543062958,-23.79498537811889,-1.155171767667943,0.24453454435899818,-0.0887566842156553,14.857323192938287,0.6351239296937929,9.12868153434174,26.26095678475461,-17.69353826913897,-0.7412339994866131,0.47194365051959736,-0.06214358713892487,17.417128069882335,-0.451219570722026,4.8551919774000405,13.252199918989678,-14.016392985295887,-0.5074424717957591,-0.09159499010337813,-0.0002427589582034706,6.568271222157621,0.5238095238095238,0.49943278484292936,1,0,1.0,-0.09534625892455931,-1.990909090909091,1.0,0.8940646349459287,0.9351508112864468,5.344778667402068,0.0015105019213455,0.595244230455065,1.977549049507318,4.723209458599081,2.8586397989976233,0.10884353741496598,0.3114428065920979,1,0,0.0,2.5118991629004848,4.309637404580154,1.0,0.49210580394822595,0.47792785434252194,2.8848978695850023,0.000122266156687,0.3623219605230409,1.692442597131913,3.805497988215734,1.4461588222199129,0.5098735865689854,0.29803242445561273,0.9935760626270366,0.000450473580919,0.501942632832924,-0.018045627959714584,-1.3056751510072753,0.9524830492743449,0.04081632653061224,0.19786448397617667,1,0,0.0,4.64139560816457,19.54255319148938,0.0,1.9931972789115646,1.4451259796763232,4,0,2.0,-0.042229339241202174,-1.3616126035291103,4.0,1.8411650873911116,1.7233432984027164,9.368495368618124,0.0260001956451388,1.2458041841105718,1.7020757257060146,3.7395500870689435,4.998786286467122,0.2925170068027211,0.19727891156462585,0.22448979591836735,0.2857142857142857,0.19727891156462585,0.17687074829931973,0.17006802721088435,0.23129251700680273,0.22448979591836735,4.9,147,1_048_2025.04.08
4.7631578947368425,2.801323720869179,9,0,4.0,0.04235905053460972,-1.2217215612351051,9.0,0.29928405013446885,0.05823160656905422,0.3994020049583258,0.2017765548659137,0.2951496770286539,0.04235843003250644,-1.18053518748328,0.3872661564759059,-0.5905468410433061,9.667613868616677,23.64423444468389,-21.93467351311518,-0.517963725452187,0.06181095010468203,-0.17978538027785573,14.714506123281831,-0.29025647201659593,9.374503482828564,25.28467580942476,-27.51758730450833,0.07982721735330925,-0.11924555773670252,0.3169443940232215,14.150004488960969,-0.6075702961776828,5.121747727752083,18.855269272569483,-10.661229996229,-0.9491331399510285,0.48622979722334975,0.8674055619230803,8.051930913649917,0.5087719298245614,0.49992304732543885,1,0,1.0,-0.03509312031717999,-1.9987684729064041,1.0,1.0161073833438634,1.0280602901721294,4.359714166318291,0.0008302216654969,0.6401660256509064,1.372346796040744,1.0259438620032348,3.22472155771142,0.12280701754385964,0.3282155602433282,1,0,0.0,2.2984466804468497,3.2828571428571403,1.0,0.4636077267454811,0.47629486283628947,1.8683248462466573,0.0018738681952906,0.30300982143475647,1.2914182079102745,0.7928249942078409,1.5353367616123241,0.49876451120044607,0.28154159226491865,0.9988553383171116,0.00272708822353,0.5425072113820737,-0.02715403037431985,-1.198659201190289,0.9331526047835095,0.05263157894736842,0.22329687826943606,1,0,0.0,4.006938426723768,14.055555555555568,0.3499999999999943,1.9473684210526316,1.3432227889509454,4,0,2.0,0.11760933781483972,-1.1745845333143363,4.0,1.7894996894742183,1.9995996806935918,10.05653691692309,0.0106824614466357,1.1626698423846946,1.9960551404651619,4.0129966430147705,6.0221951317734295,0.2894736842105263,0.2719298245614035,0.21052631578947367,0.22807017543859648,0.21052631578947367,0.20175438596491227,0.16666666666666666,0.22807017543859648,0.19298245614035087,3.8,114,0_052_2025.04.11
4.461538461538462,2.907200958543436,9,0,4.5,0.0215227378473012,-1.257264963700648,9.0,0.2957163824489274,0.05971402886840609,0.3995150132747161,0.2005104473829506,0.2919784143544766,0.08648656124682484,-1.2307664718287858,0.3904997778259615,-0.7297093143645546,9.539803654549608,25.7365596390461,-27.578837946524857,-0.9036781063944656,0.07777570883122806,0.11111098935952679,16.187053957881318,-0.08013004544157157,10.795972251673476,32.07461787633864,-29.58031786587704,0.3782944402915459,0.09367580906646238,0.13320412569912632,17.23139238736967,0.5788701040203549,4.763899672325581,13.400984361139326,-13.423042439833566,0.7758443912368801,-0.14904732234085977,-0.07604122330670204,8.062500282296114,0.5631868131868132,0.49599135742399253,1,0,1.0,-0.25478997664388214,-1.9350820678018095,1.0,1.0490808796217017,1.117847088992761,8.289698279561225,0.0031039860157544,0.6540823648779452,2.24521956567419,7.250077769337375,3.426219790235266,0.09340659340659341,0.29100137751352434,1,0,0.0,2.7944431745826375,5.808912655971483,1.0,0.519272069443405,0.49855945233580995,2.7637557623501943,0.0009718737893567,0.3690008514180882,1.5542424762522133,2.6956607950051623,1.5117336851159797,0.48198289913733555,0.28481312650249513,0.9920968554634244,0.0010989169594564,0.46359507724968585,0.10707302210439712,-1.170868607124768,0.9391930174041032,0.057692307692307696,0.23316068563427195,1,0,0.0,3.7940160546746826,12.394557823129247,1.0,2.0247252747252746,1.3595182086646942,4,0,2.0,-0.05128645952289216,-1.1928478642933185,4.0,1.9497303708973701,1.8313160787298572,8.659701753954014,0.0069780698105459,1.3946143967668423,1.457638009271792,1.7783940816781367,5.992645889624581,0.29395604395604397,0.27472527472527475,0.2087912087912088,0.22252747252747251,0.18406593406593408,0.22527472527472528,0.1978021978021978,0.18406593406593408,0.2087912087912088,12.133333333333333,364,0_003_2025.01.15
4.143478260869565,2.7617458383447175,9,0,4.0,0.13317769107851998,-1.1456243907397188,8.549999999999983,0.3066825422263512,0.057880193068636156,0.3993676305358846,0.2019011023925369,0.31210071401142714,-0.1654979467118424,-1.13854468913743,0.39378310900764124,0.6122859537269305,9.712273494956436,23.89090064626025,-23.45920283442927,-0.6285500036229037,0.16909791708492247,-0.3069486519362741,17.44224736655,0.4171310046136769,10.363193260339902,29.7648555057432,-32.87308788112675,0.0784870223617226,-0.023565826134892564,-0.09434104467185156,17.55738496855594,-0.0587526412995421,5.478234308394818,15.755537179844694,-15.42353703534862,-0.7353208074822164,0.09549527717734084,0.07767209617702431,8.662198889475773,0.4956521739130435,0.4999810960509583,1,0,0.0,0.01739196190134906,-1.9996975196612221,1.0,1.0296263645410113,0.9788469913337836,5.92490312740655,0.0114871045955346,0.799865388630211,1.8250937069453104,3.9874363131276445,2.9903089465551775,0.13478260869565217,0.341491225493199,1,0,0.0,2.138956225167321,2.575133733182038,1.0,0.48403924009907,0.45532735741329483,2.3863518463343083,0.0030668529660379,0.337624368824163,1.5270817105478727,2.4585759927226185,1.378198301980263,0.47099543289650225,0.2971611705338192,0.9933333045558698,0.0012945217465102,0.478935421233439,0.06609003818005954,-1.3168028836363272,0.9287988897076813,0.043478260869565216,0.20393111999232302,1,0,0.0,4.47721504346782,18.04545454545455,0.0,1.882608695652174,1.3828616120875057,4,0,2.0,0.06291899928489991,-1.22544778436671,4.0,1.8273601487424704,1.960051860643308,11.734970957481265,0.0136207258851499,1.2931778768354816,2.196863369236324,5.981633291438367,5.951990408971873,0.2,0.25217391304347825,0.2782608695652174,0.26956521739130435,0.20434782608695654,0.16521739130434782,0.2608695652173913,0.19130434782608696,0.1782608695652174,7.666666666666667,230,1_009_2025.02.05
4.696378830083566,2.929964915834284,9,0,5.0,-0.05025060766320201,-1.2654175551768096,9.0,0.30132669453505184,0.05800321314258512,0.3998527677829666,0.2003469077379483,0.2979376496308241,-0.005426252383214499,-1.1834205046070707,0.3896230502666996,-0.648482473461458,10.738696411557093,29.652354143404985,-30.822074464048946,-1.4480373595162206,0.17139525109272477,-0.11279098976832236,16.881679268940704,0.013300007445605123,9.884966040007757,30.323427693145938,-24.248663563844296,-0.4758839282877974,0.2025618570629188,-0.1333140772535475,16.75546849839958,0.2941040341856429,4.93017139582193,11.574101072060184,-15.16377705151504,0.0386411466268063,-0.07263663422120507,-0.1250618769951597,8.675015668833405,0.5125348189415042,0.4998428536191187,1,0,1.0,-0.05015503913178193,-1.9974844720496896,1.0,1.0653379958815696,1.068221448734007,6.754960888401215,0.0008468486329898,0.7315028025390454,2.063948549326317,5.904022884967075,3.153591084980431,0.12813370473537605,0.33423862500639195,1,0,0.0,2.2251545299859483,2.9513126823169866,1.0,0.5254513512801615,0.5412028307692677,3.212791900321973,0.0010973124321533,0.3587000219280069,1.9459121036538072,4.738053652711436,1.5962658843137587,0.5029195365255973,0.281474612554676,0.999675136112327,0.0019502398530985,0.4865191049711959,0.008218965664363921,-1.0699719783273434,0.9558837188827003,0.06963788300835655,0.25453575045260535,1,0,0.0,3.381545548917122,9.4348502994012,1.0,2.013927576601671,1.438556187855852,4,0,2.0,-0.0019112365585694227,-1.3464537836135575,4.0,1.82671040594929,1.7810686758557805,11.936503139034963,0.0135147613879466,1.2669653499888194,1.592435983749152,3.243542179159916,5.734435968007211,0.27298050139275765,0.25069637883008355,0.25348189415041783,0.22284122562674094,0.1977715877437326,0.14763231197771587,0.25069637883008355,0.21727019498607242,0.18662952646239556,11.966666666666669,359,1_033_2025_03.26
4.541884816753926,2.8710642730582068,9,0,5.0,-0.02042947824485654,-1.2006099792059641,9.0,0.3027527149198764,0.05862296218572376,0.3999237683619738,0.2003921829336701,0.2958158029570386,-0.011377345374250687,-1.2595055639352952,0.39113022442932865,-0.5595567083706506,9.750106109559933,33.79064648605366,-26.549945844186112,-0.2559770806663345,-0.007822893827186587,-0.08684808064905258,15.116011390688112,0.03679354399649035,9.672961896871302,27.121472031241915,-34.29379161058837,0.44518358416813814,-0.2399864969852388,0.06730033652188006,14.90745846903834,-0.31734149837484094,4.642061120222151,13.12952995368632,-12.85411773129895,-0.613511087726992,0.19763124245313282,0.3844280566557958,7.767190049846793,0.5052356020942408,0.4999725877192777,1,0,1.0,-0.020943556598268614,-1.9995613674370158,1.0,0.9951780410089287,0.9158571737487734,6.31856287825982,0.0012833476937991,0.7636365119234513,1.7481906083900505,5.024961251381292,2.726201414986312,0.09947643979057591,0.29930064770589426,1,0,0.0,2.6763962141705497,5.163096695226443,1.0,0.4886819392926637,0.4559920865845403,2.4224158849553907,0.0005841332371968,0.3526155665033506,1.321484890850861,1.683798224916628,1.3667465934569007,0.4940900181574591,0.2877483688937016,0.996016183779962,0.0009608117548446,0.4869175982719741,0.01958165929545426,-1.2283708061880831,0.9466216054621152,0.05235602094240838,0.22274395168777636,1,0,0.0,4.019359229875398,14.155248618784544,0.9499999999999886,1.9162303664921465,1.4098748335961313,4,0,2.0,0.04207974463582401,-1.2740043057282422,4.0,1.9689418604697975,2.026435997509475,11.989948601113849,0.0109263585116134,1.3174529920637301,1.8942312010110356,4.430069535966834,6.116305141240491,0.22774869109947643,0.24083769633507854,0.2486910994764398,0.28272251308900526,0.20680628272251309,0.20157068062827224,0.17801047120418848,0.23036649214659685,0.18324607329842932,12.733333333333333,382,0_016_2025.03.06
4.450819672131147,2.749373875118984,9,0,4.0,-0.028563543226488724,-1.1130403995681664,9.0,0.3006125526098033,0.05574928031155934,0.3998283147574794,0.2001774312587318,0.3015015239253367,-0.029672080720262513,-1.1535693057193586,0.3872645381637404,-0.1731582232748071,9.88065951754663,27.66191643280053,-30.47057639704014,-0.1498504619706576,-0.10012049703483834,-0.10237993858904515,15.67350260236937,-0.16401163063334132,10.011577317986674,30.23900346203799,-30.829989594792597,-0.395649709675694,-0.011374881092763795,-0.11350767497716241,16.070513680678065,0.02264430471010126,5.145731105420669,17.51500682324812,-13.264050153233956,0.03367725998763185,0.1813565816108462,0.14284763095386221,9.282369769467312,0.4733606557377049,0.49928984101148594,1,0,0.0,0.1067089376716651,-1.9886132026209844,1.0,0.9384423509220957,0.9517842818620221,6.657610759206062,0.0036197346264537,0.6342943669818748,1.8031298591807858,4.298253117468131,3.00625264180465,0.10450819672131148,0.30591867144613966,1,0,0.0,2.585600946873353,4.685332256472383,1.0,0.4935664877297319,0.5251431686618382,4.0359937422566015,2.2778370948166933e-05,0.3292344906280912,2.370405113923713,7.665736363848648,1.5880620474884652,0.4978897801346994,0.2934682248067126,0.998696716031641,0.0007660510200321,0.4976668591926575,-0.00023618757339830112,-1.2979598059585316,0.9445473649117574,0.05122950819672131,0.22046552040317638,1,0,0.0,4.071117252099914,14.573995680345565,0.6499999999999773,2.0635245901639343,1.4350920585831553,4,0,2.0,-0.05730910850861496,-1.3266124495161113,4.0,1.9654574132404776,1.8334716189825864,14.428202140306574,0.0002571195691404,1.4029771828538071,2.0341366035910147,7.443586245677045,5.413567283921091,0.23975409836065573,0.23565573770491804,0.2581967213114754,0.26639344262295084,0.2192622950819672,0.20491803278688525,0.18032786885245902,0.2069672131147541,0.1885245901639344,16.266666666666666,488,1_024_2025.03.17
4.397923875432526,2.9040234315671185,9,0,4.0,0.03409026663086219,-1.2226323526031715,9.0,0.302238515320312,0.056594916070693356,0.3994351026578387,0.200268385510284,0.3025704071827703,-0.02583666785462215,-1.1582696273980833,0.3879690866288292,0.3561760177351659,10.018423355559854,38.08997088932812,-28.25187027520912,-0.3519476895651783,0.30626990157096406,0.33634571523666423,16.684517341823785,-0.2732618253872564,10.08070114259846,26.05660318133467,-28.88289506123892,-0.813417248297169,0.004081680100595769,-0.027172472282401383,16.69882838005597,0.30509164150725093,5.399247021101154,13.44675978548926,-13.960587132688673,0.4719182699820552,-0.08570696785706489,-0.29927874955961187,9.101805922184901,0.5190311418685121,0.4996376843665623,1,0,1.0,-0.07617976971708848,-1.994196642685851,1.0,0.8634146771934121,0.937449201610934,6.201974949264095,0.0002315353470796,0.5322003824297391,2.056454090704664,5.669475707619524,2.677255897697595,0.09342560553633218,0.2910279398382599,1,0,0.0,2.7940574687751507,5.806757138818208,1.0,0.5443341594134349,0.5524641188773272,3.794543621240334,0.0005396517356107,0.3766533330403588,2.1871238259145054,7.153970173990647,1.5170523982611537,0.46733209433917555,0.29488994091315285,0.9981518349507832,0.003054461490851,0.4259752630981737,0.16400594001188185,-1.2194724160593033,0.9597139039502075,0.03806228373702422,0.19134666522766078,1,0,0.0,4.828280813918241,21.31229561805101,0.0,1.9619377162629759,1.4001746244021487,4,0,2.0,0.029889941291862166,-1.2915692748474679,4.0,2.1138737074374134,1.8907634801582864,10.531925993474747,0.0020189974510723,1.613264026249987,1.5005851167192397,2.616949234081842,5.930240906973256,0.23529411764705882,0.22491349480968859,0.2491349480968858,0.2906574394463668,0.2179930795847751,0.2041522491349481,0.22145328719723184,0.19377162629757785,0.16262975778546712,9.633333333333333,289,0_019_2025.03.11
4.533482142857143,2.8953078450379444,9,0,5.0,-0.06193996138898402,-1.231001209394085,9.0,0.29958926612087705,0.05775242833058801,0.3997757920391585,0.2004974029564139,0.30127856240362283,-0.038686361699539804,-1.2201808031381411,0.38674112402952504,-0.2550242245469575,9.88397407881176,30.92423781375916,-28.180087096937747,0.06494023456557241,-0.022893662289701577,-0.05042370802711993,15.613492297267348,0.1374272475021364,9.281625840475234,29.227035477909357,-28.524805400309397,0.49808427572659614,-0.07381856050972545,-0.18582983103611372,14.45684235898521,0.4434793885004908,5.009935167870233,14.329240604030582,-13.46028090900777,0.6564321781552249,-0.04647624757737103,-0.3144629223100024,8.919245111402814,0.46205357142857145,0.49855798916342065,1,0,0.0,0.1522247337169448,-1.9768276304448051,1.0,1.0526926675293085,1.0246805673433494,6.850134378877461,0.0012407625836347,0.752081225811467,1.750092493359899,4.14630802820647,3.17966079354369,0.10267857142857142,0.3035386011662425,1,0,0.0,2.6179301548129814,4.85355829547912,1.0,0.5149917336806313,0.4940953712010067,3.337535019624939,0.0010567660002489,0.3617264491751465,1.9367823923067036,5.498348286920647,1.523658644048082,0.524553421522813,0.2864778277931617,0.9984621144530216,0.0117873583854162,0.5381408559794065,-0.06761730093841303,-1.2090301936965155,0.960150152264348,0.05133928571428571,0.22068883854112936,1,0,0.0,4.066002768890354,14.53237851662404,0.6499999999999773,2.046875,1.4669085150471577,4,0,2.0,-0.08953313404252371,-1.3956583337459785,4.0,2.1723515469888666,2.0948130626977917,10.865831690054536,0.008251279126232,1.4097475788817206,1.5338498306044974,2.379654003577527,6.536312356803202,0.296875,0.22321428571428573,0.23660714285714285,0.24330357142857142,0.1875,0.22991071428571427,0.22544642857142858,0.17857142857142858,0.17857142857142858,14.933333333333334,448,0_030_2025.03.20
4.343825665859564,2.878986553027502,9,0,4.0,0.058677708039349824,-1.24472277304087,9.0,0.29880707988848304,0.056107224946045496,0.3990786303005259,0.2005465777882265,0.2977782625153513,0.05891345105467695,-1.0846162985772048,0.39038662160691634,0.46730779183880145,10.017958517312042,29.007144025385298,-24.464957998309316,0.9134584162486696,0.01821373164196595,-0.4495687895342533,16.63011782107957,-0.5506819596463718,10.167783820573673,34.10209563768455,-29.042986890806908,0.1186798864194251,-0.003134582833920554,-0.10754608577237557,15.63480809045611,-0.24137095296281266,5.119112481065781,13.732448353222267,-13.762624138066254,-0.2686644205574385,0.00751843443681347,-0.17963753270437754,8.61988742341745,0.4648910411622276,0.49876583785312284,1,0,0.0,0.1407833342752369,-1.980180052790347,1.0,0.9464582520579549,0.9610072860331943,5.445734803211608,0.001467150520076,0.629903316680825,1.7549731325870983,3.2749759835773222,3.0957589315310234,0.08958837772397095,0.28559114184574785,1,0,0.0,2.874120111874468,6.260566417481309,1.0,0.4678930709862347,0.4741595581271114,3.1140677715481577,0.0035770944430868,0.3031627624837753,1.8351580473670672,4.542863710898152,1.3785597814352757,0.47740984304034273,0.292209243924997,0.9998012415553664,0.0003106705736615,0.4638137041312469,0.11727488249831854,-1.2200875980817087,0.9425024649153502,0.04600484261501211,0.2094955776883609,1,0,0.0,4.334174137654944,16.785065455516975,0.0,2.0484261501210654,1.4354821152288302,4,0,2.0,-0.10451801468231137,-1.329901781091215,4.0,1.8733024754268492,1.8599637148506023,10.929347835433472,0.0009075583043924,1.4054845308998298,1.8041194735130612,3.96915011229867,5.735708172511077,0.2542372881355932,0.23728813559322035,0.2784503631961259,0.23002421307506055,0.21307506053268765,0.1864406779661017,0.2033898305084746,0.21549636803874092,0.18159806295399517,13.766666666666667,413,0_041_2025.04.01
4.791164658634538,2.8602949845409906,9,0,5.0,-0.13033712198945596,-1.2458117325085794,9.0,0.2976312678676019,0.05875572421472429,0.3980342821669624,0.2004834832358821,0.2922842310640954,0.11118427106043927,-1.2654347012703793,0.3905066701495049,-0.8034984961949124,10.239495623961565,29.611476872396384,-27.72307586887575,-1.068803804233721,0.08197145265262448,-0.18983227512932954,15.71809963607473,1.4757699152902446,9.989953559022954,29.163178480431604,-21.614840265494028,0.4406086909553089,0.21232237034028884,-0.3872963899698245,18.9458573065845,-0.32024941555757847,5.032724061535611,14.736808039045076,-12.297054131528464,-0.3424219807407396,0.08053203551625973,-0.14020108804069986,8.41441103366889,0.4979919678714859,0.4999959677907122,1,0,0.0,0.008032193289025172,-1.9999354838709684,1.0,0.9031206513399845,0.8502059687188066,4.4526254340494,0.0032041709779941,0.6562472987455831,1.4975003175640955,2.390325678964417,2.647204345377015,0.09236947791164658,0.28954681393856924,1,0,0.0,2.815645018113284,5.927856868026161,1.0,0.4572153238675548,0.4300557102010928,2.7887690076935723,0.0056111555412317,0.3432000726432342,1.965787853361777,5.756902262385831,1.2270033282118091,0.5237280066536347,0.2781823535941343,0.9999305942250136,0.001828562680049,0.5072705770886508,-0.03619324323470394,-1.0590134921260754,0.9719471295933463,0.03614457831325301,0.1866497998172249,1,0,0.0,4.970328627632853,22.704166666666666,0.0,2.0642570281124497,1.4464634722338585,4,0,2.0,-0.10416379617601916,-1.3584832022986,4.0,1.8545142905092513,1.8078497084533662,12.307451167570449,0.0062876923568467,1.2927040857448269,2.21513116284542,7.1116243072121765,5.201342059417953,0.30120481927710846,0.18875502008032127,0.27309236947791166,0.23694779116465864,0.1927710843373494,0.20883534136546184,0.17670682730923695,0.2248995983935743,0.19678714859437751,8.3,249,0_049_2025.04.10
4.3689024390243905,2.805896885479805,9,0,4.0,0.0721259574845494,-1.154689986305779,9.0,0.3003258394317079,0.05815537683619996,0.3986275881598994,0.2003955155711934,0.2980965090083887,-0.0007897015736634188,-1.3020080522918107,0.3863843858980593,-0.5573906681468571,10.242987699560324,29.61207733018972,-26.29466504114829,-0.8699845402160429,0.06091137827278581,-0.20843755594971736,15.672187925178346,-0.9042215881319526,10.15947912846345,28.337814265824303,-33.70319314395693,-1.0948525519222199,-0.1298460634184956,0.16110965309137049,15.404411725505396,0.24235239724918942,5.184196723128024,15.02985012742464,-12.194331170503244,-0.0456747011131565,0.1861854839240928,-0.18163263418086428,8.978678664620093,0.5030487804878049,0.4999907048511374,1,0,1.0,-0.012195348666382087,-1.9998512734709055,1.0,1.1418621495607602,1.1810492734181275,6.158739808158897,0.0013821713477596,0.7147551855381171,1.637368582479431,2.6269261469452188,3.7546478751663024,0.11280487804878049,0.3163541331122137,1,0,0.0,2.4478587849767575,3.9920126311878885,1.0,0.4506929052879662,0.4501422030700147,2.3911926420209597,0.0006409879708735,0.29133125572352747,1.5729060016849217,2.5143203793702043,1.3337219710049106,0.4931013788804857,0.287097119345063,0.9993205929813994,0.0053990618280845,0.4869580293487781,0.0032217970108650807,-1.2024193760635682,0.9255678517082886,0.06707317073170732,0.2501486767898294,1,0,0.0,3.461356140868419,9.980986333927515,1.0,2.082317073170732,1.3306625882825625,4,0,2.0,-0.11982970693912076,-1.1428070585591548,4.0,2.0341520165868405,1.8370281653819274,11.199516108797848,0.0085108940074666,1.53372970220639,1.6930218945621123,3.9239404568734066,5.750121159137491,0.27439024390243905,0.22560975609756098,0.21646341463414634,0.28353658536585363,0.17073170731707318,0.16463414634146342,0.2621951219512195,0.16463414634146342,0.23780487804878048,10.933333333333334,328,0_040_2025.04.01
4.068181818181818,2.939267023189424,9,0,4.0,0.14788547070863148,-1.2860559094230508,9.0,0.30504325453420456,0.0552440208584657,0.3997676960984754,0.2006311411421805,0.30039850915551874,0.04803845299952534,-1.1727138326950568,0.3922396550950097,0.5458878074905545,9.888611276592073,29.64237328363742,-21.023450111789337,1.6534495087840329,-0.004373041683234422,0.022896257171376,16.22833512607145,0.461756665356642,9.924450073148583,21.515448135912145,-23.62305993395813,0.6119201286087648,-0.16506704038007303,-0.5702273721297955,15.555698342983229,0.4801492062301148,5.132763525051137,13.323585672093811,-14.186712857524205,0.2693609488558157,-0.12132273523595906,-0.11546751059747251,9.392016942307565,0.5,0.5,1,0,0.5,0.0,-2.0,1.0,1.0334391022621308,1.1182598160380537,6.620348590398411,0.000211012895644,0.6256890058216946,2.1355213307761765,5.495832425963963,3.207608639014705,0.11363636363636363,0.31736909190383955,1,0,0.0,2.434790571734071,3.9282051282051293,1.0,0.5675101986842548,0.5709431150069703,2.890841936855228,4.970531871718632e-05,0.4224451155594552,1.8212356315894682,3.879003437581787,1.729150166213083,0.5519275333190443,0.28705382317076095,0.9864297537018591,0.0027508301963317,0.583361269838229,-0.25248512130389383,-1.1180453935431913,0.9472971618120001,0.030303030303030304,0.17141982574219336,1,0,0.0,5.480077554195743,28.031249999999996,0.0,2.0984848484848486,1.358808794746164,4,0,2.0,-0.033620902418463466,-1.2506671928535402,4.0,2.053278316330688,2.1695112225074724,15.043819439324343,0.0211187347609691,1.2879860535617111,2.52366217297486,9.62531091459282,6.1463986546225735,0.26515151515151514,0.26515151515151514,0.23484848484848486,0.23484848484848486,0.1893939393939394,0.1893939393939394,0.24242424242424243,0.18181818181818182,0.19696969696969696,4.4,132,0_046_2025.04.07
5.147058823529412,3.007823324831852,9,0,5.0,-0.27325226608349745,-1.2129342190758885,9.0,0.2960766466528091,0.06065821771658324,0.3960756595691035,0.2028408634131892,0.30736748562731697,-0.01470093292292726,-1.432646863540831,0.38078201023591957,-1.028593589339208,10.474112986346759,27.93036053918243,-26.425718571836207,-1.3765020944041158,0.26739305632850807,0.33769374868616486,19.506902382992525,-0.8965138688305946,9.847080652937771,16.848349944866182,-36.323233569349405,0.05398236039242715,-0.7880669383520575,1.5786812951982174,13.30896253817282,-1.9047379367282467,4.675437211837941,8.392742565348112,-13.577917424277189,-1.4180262216455555,-0.26481418904449233,-0.21095915467140003,5.240218096777367,0.4803921568627451,0.4996153845584671,1,0,0.0,0.07849175082782209,-1.9938390450519845,1.0,0.8634702058689759,0.884799317705905,4.594816600685174,0.0077049424549222,0.5776122328688955,2.0975908486792596,5.073689537923634,1.987490727439678,0.0392156862745098,0.1941077438551307,1,0,0.0,4.747716959395393,20.540816326530617,0.0,0.501887723141418,0.504420564714106,2.2574281857164,0.00558268777422,0.3477089768188679,1.455463081769665,1.7914746115453397,1.5534291405593712,0.5124824387077612,0.2726661197343267,0.9962798576730304,0.0046216844192756,0.5102657013405332,-0.05151168487068018,-1.0974595477221107,0.9338721345545699,0.0392156862745098,0.1941077438551307,1,0,0.0,4.747716959395393,20.540816326530617,0.0,1.9411764705882353,1.2972333260410265,4,0,2.0,-0.10638602657089545,-1.1898523076026883,4.0,1.9037333771269849,2.0528559650499014,10.225830408336986,0.0499045760547455,1.2357167998014282,1.9829773438044613,3.775976506640074,6.187766072333866,0.22549019607843138,0.22549019607843138,0.2647058823529412,0.28431372549019607,0.22549019607843138,0.28431372549019607,0.17647058823529413,0.12745098039215685,0.18627450980392157,3.4,102,0_017_2025.03.06
4.353260869565218,2.8418820725983274,9,0,4.0,0.1037168219188759,-1.147049313986624,9.0,0.2949360601375325,0.05714434758597571,0.3990209090761297,0.2009741272854276,0.29245812480845934,0.11435993094885005,-1.1136929403328444,0.38860170394627785,0.06815567800462895,9.644609072411605,33.91288359700367,-22.918988337469308,-0.6893986009792776,0.351682215063068,0.21881534439042483,16.898269030002496,0.5092626007688138,9.83571496389498,29.725614196712836,-24.39466686765336,0.533285939590649,0.11441133021672306,-0.16502538173866466,16.763973223248698,0.3274644231227927,4.814198942249017,17.568121410515964,-10.557225074596344,0.03287986224711,0.3127101781594626,0.22013005205117642,8.989605070081474,0.532608695652174,0.4989355398925435,1,0,1.0,-0.13071306028509003,-1.9829140958709064,1.0,1.0183326570557982,0.9361811474544899,4.474069827578386,0.002652958272626,0.6983876565777638,1.3377959668547457,1.5531027985804577,2.893110862642033,0.09239130434782608,0.28957753923385265,1,0,0.0,2.815195520554538,5.925325818950336,1.0,0.4797296417733069,0.46043470284829047,2.8035649388927477,0.0024875671917004,0.33972612678923453,1.7550765904766772,3.962905245451954,1.3676626882271485,0.508180830599333,0.2902220042810967,0.9889661072841062,0.0121231000238586,0.48775206341835775,-0.051293833674473134,-1.2566374144476136,0.933064053623302,0.06521739130434782,0.24690905851305536,1,0,0.0,3.521803625302497,10.403100775193803,1.0,1.8967391304347827,1.4085107064583995,4,0,2.0,0.09002067720778202,-1.2729313999439167,4.0,2.0337821604816795,2.251876970298508,13.85025893240752,0.007075247225533,1.3067892710797164,1.9974255012080688,4.891496603459329,6.664579549793851,0.30978260869565216,0.2554347826086957,0.24456521739130435,0.19021739130434784,0.19021739130434784,0.15217391304347827,0.23369565217391305,0.266304347826087,0.15760869565217392,6.133333333333334,184,1_022_2025.03.14
4.769662921348314,2.849754749723034,9,0,5.0,-0.14708873181296034,-1.2118450534506662,9.0,0.3021976053926251,0.05862242050094361,0.3962847077448469,0.2001946138026447,0.3094265792127827,-0.19533398372395352,-1.1638235497684561,0.38775379041207414,-0.9278352755251518,9.471027726949302,27.247927744506217,-25.23300929419547,-0.4613144375702809,-0.048520095353226954,0.15488291179876823,14.460466075668526,-0.9676020691655335,9.14975266698358,21.492147202257744,-25.00308125522969,-0.38381615919195766,-0.17810371719480894,-0.399578551686091,13.074130767113571,1.0333975125001351,5.043487309346276,15.029761398739453,-11.890067010696356,1.2824221504509294,0.04213083019550425,-0.026467226443374514,9.394555343960294,0.43820224719101125,0.4961663408049352,1,0,0.0,0.24910094751181108,-1.9379487179487176,1.0,1.0171928338712246,1.0035368073235196,5.234310074558818,0.0076875174255847,0.6387062056942749,1.4832128503889475,2.3492576296697534,2.8427162689377994,0.11797752808988764,0.32258151056079987,1,0,0.0,2.3685329716881536,3.609948437973917,1.0,0.49081134378976377,0.42367106066921334,1.9006713052516808,0.0019536969054273,0.370398561801287,1.098476256701991,0.6324557338644041,1.3378740702096157,0.47496099067899455,0.27729046149663966,0.9931195691766423,0.0010169231434955,0.46264925809565205,0.08234607514811759,-1.0874805512030352,0.9272945944419527,0.05056179775280899,0.21910112359550563,1,0,0.0,4.102564102564101,14.8310322156476,0.15000000000000568,2.056179775280899,1.4561728394896554,4,0,2.0,0.02247983107990517,-1.385582887509762,4.0,1.927233570403853,1.8409604954103307,10.71474231973267,0.0087803733252904,1.4794414571132728,1.584962881714638,3.089644095844858,5.707308905175289,0.29775280898876405,0.2303370786516854,0.21910112359550563,0.25280898876404495,0.2247191011235955,0.20224719101123595,0.20786516853932585,0.19101123595505617,0.17415730337078653,5.933333333333334,178,002_2025-01-27
4.266666666666667,2.817648895647806,9,0,5.0,0.0655179399903269,-1.164844710045975,9.0,0.2939534595424309,0.05674696238593793,0.3996401944825106,0.2005444677975539,0.2928412177118589,0.09722192123675516,-1.122307630460441,0.3852131701579612,-0.10689736081716757,10.174694785499804,25.124718387426658,-25.46852007347653,0.042751491174943,0.07692310222792587,-0.18481701220023927,16.705604890648342,-0.4706476681068537,10.02985191539123,23.49484027215728,-23.473537823557397,-1.0437392874386684,0.08609085433271714,-0.31820738507723556,17.48323018497271,-0.28548261705911554,5.036529724456343,14.225766905226378,-14.324225952115317,-0.4659580108704781,0.010476435456563352,0.011715463842234541,6.901802761877632,0.46153846153846156,0.49851851526214314,1,0,0.0,0.1543033499620917,-1.9761904761904763,1.0,0.9842021058537685,0.966958501474322,5.58062109322252,0.0084802848640878,0.670843842426057,1.7960833167021841,3.841170754851798,2.7320859612607586,0.11794871794871795,0.3225473885849515,1,0,0.0,2.368962177789628,3.6119817997977792,1.0,0.48882141216521263,0.5379429172867358,3.6494058904936417,0.0032033557022811,0.3182256759965883,2.4237632326825587,8.528210800751635,1.4772394042954082,0.493039610408091,0.28043300547490396,0.9942430423681934,0.0017628991240383,0.4983155642340781,-0.07326829344675982,-1.1818002978154503,0.920664140744036,0.046153846153846156,0.2098181799536286,1,0,0.0,4.326089893129919,16.71505376344085,0.0,2.1333333333333333,1.418799299757176,4,0,2.0,-0.07447228928160704,-1.2937913977581517,4.0,1.968475683294284,2.2282394445661486,12.38961536987104,0.0125121512184126,1.114005842057618,2.3393323477713617,6.907846042385112,5.718623072484167,0.26666666666666666,0.24615384615384617,0.27692307692307694,0.21025641025641026,0.21025641025641026,0.17435897435897435,0.21025641025641026,0.17435897435897435,0.23076923076923078,6.5,195,1_004(2)_2025.01.15
